t,year,month,longitude,latitude,obs,UKESM1_0_LL,bias
156.0909090909091,2002.4242424242425,7.0,-171.0,-15.0,17.485454545454544,26.30227272727273,8.816818181818181
272.1111111111111,2012.111111111111,6.777777777777778,-159.0,21.0,20.76888888888889,26.956666666666667,6.187777777777778
148.13888888888889,2001.763888888889,6.972222222222222,-157.0,21.0,20.01013888888889,25.412083333333335,5.401944444444444
147.04109589041096,2001.6712328767123,6.986301369863014,-157.0,71.0,16.09205479452055,27.093150684931505,11.001095890410959
81.66666666666667,1996.2222222222222,7.0,-155.0,19.0,18.37333333333333,24.764444444444443,6.391111111111111
262.5,2011.3,6.9,-149.0,61.0,21.532999999999998,24.586000000000002,3.0530000000000004
147.04109589041096,2001.6712328767123,6.986301369863014,-149.0,63.0,20.59753424657534,24.473150684931507,3.8756164383561647
277.0,2012.5,7.0,-147.0,65.0,19.37375,24.5675,5.19375
193.0,2005.5,7.0,-135.0,61.0,22.020555555555557,22.75111111111111,0.7305555555555563
217.0,2007.5,7.0,-133.0,69.0,16.125833333333333,22.371666666666666,6.245833333333334
203.0731707317073,2006.341463414634,6.975609756097561,-127.0,55.0,21.832926829268292,22.545853658536586,0.712926829268293
241.0,2009.5,7.0,-127.0,65.0,19.05333333333333,20.8975,1.844166666666667
164.82692307692307,2003.1538461538462,6.980769230769231,-125.0,41.0,26.1675,40.05634615384615,13.888846153846155
243.12,2009.68,6.96,-125.0,49.0,23.4932,19.2272,-4.266
211.0,2007.0,7.0,-125.0,51.0,22.502307692307692,19.26820512820513,-3.234102564102564
147.04109589041096,2001.6712328767123,6.986301369863014,-123.0,37.0,29.974794520547942,40.509589041095886,10.534794520547944
147.04109589041096,2001.6712328767123,6.986301369863014,-123.0,39.0,28.841506849315067,33.16452054794521,4.323013698630136
147.04109589041096,2001.6712328767123,6.986301369863014,-123.0,41.0,30.1086301369863,32.48849315068493,2.37986301369863
150.66197183098592,2001.9718309859154,7.0,-123.0,43.0,28.549859154929578,31.28492957746479,2.7350704225352107
147.04109589041096,2001.6712328767123,6.986301369863014,-123.0,45.0,26.522876712328767,31.725479452054795,5.202602739726028
147.04109589041096,2001.6712328767123,6.986301369863014,-123.0,47.0,24.123424657534247,27.236712328767123,3.1132876712328765
147.04109589041096,2001.6712328767123,6.986301369863014,-123.0,49.0,24.569589041095888,27.216849315068494,2.6472602739726026
212.0,2007.0833333333333,7.0,-123.0,51.0,24.735277777777778,22.981944444444444,-1.753333333333333
157.0,2002.5,7.0,-123.0,53.0,23.064545454545453,25.634848484848487,2.5703030303030303
246.5,2010.0,6.5,-123.0,61.0,19.67,22.625,2.955
147.04109589041096,2001.6712328767123,6.986301369863014,-121.0,35.0,32.89041095890411,42.96616438356165,10.075753424657535
147.04109589041096,2001.6712328767123,6.986301369863014,-121.0,37.0,33.961643835616435,36.13356164383562,2.1719178082191783
147.04109589041096,2001.6712328767123,6.986301369863014,-121.0,39.0,35.74712328767123,38.34328767123288,2.596164383561644
147.04109589041096,2001.6712328767123,6.986301369863014,-121.0,41.0,35.754383561643834,37.627945205479456,1.873561643835617
165.2093023255814,2003.1860465116279,6.976744186046512,-121.0,45.0,31.45488372093023,33.04488372093024,1.59
147.04109589041096,2001.6712328767123,6.986301369863014,-121.0,47.0,28.383424657534242,31.760410958904114,3.3769863013698633
147.9,2001.7428571428572,6.985714285714286,-121.0,49.0,28.271714285714285,28.660714285714285,0.3889999999999999
181.0,2004.5,7.0,-121.0,51.0,26.64333333333333,25.576999999999998,-1.0663333333333338
147.04109589041096,2001.6712328767123,6.986301369863014,-119.0,33.0,33.97328767123288,44.44465753424657,10.471369863013699
147.04109589041096,2001.6712328767123,6.986301369863014,-119.0,35.0,38.656164383561645,40.82904109589041,2.172876712328767
147.04109589041096,2001.6712328767123,6.986301369863014,-119.0,37.0,40.87739726027397,45.74904109589041,4.871643835616438
147.04109589041096,2001.6712328767123,6.986301369863014,-119.0,39.0,40.86356164383562,43.48739726027397,2.6238356164383565
249.13636363636363,2010.1818181818182,6.954545454545454,-119.0,45.0,33.02045454545455,33.11363636363637,0.09318181818181773
148.5857142857143,2001.8,6.985714285714286,-119.0,49.0,29.302,30.158428571428573,0.8564285714285716
235.0,2009.0,7.0,-119.0,51.0,28.114814814814817,26.23962962962963,-1.875185185185185
164.09375,2003.09375,6.96875,-119.0,53.0,25.53875,24.4128125,-1.1259375
205.0,2006.5,7.0,-119.0,55.0,22.950238095238095,23.893571428571427,0.9433333333333338
147.04109589041096,2001.6712328767123,6.986301369863014,-117.0,33.0,34.639178082191776,41.16438356164384,6.5252054794520555
147.04109589041096,2001.6712328767123,6.986301369863014,-117.0,35.0,39.4713698630137,38.455205479452054,-1.016164383561644
179.0,2004.3333333333333,7.0,-117.0,37.0,42.22280701754386,47.849999999999994,5.62719298245614
169.67307692307693,2003.5576923076924,6.980769230769231,-117.0,43.0,35.457692307692305,34.17326923076923,-1.2844230769230767
147.04109589041096,2001.6712328767123,6.986301369863014,-117.0,47.0,31.79780821917808,37.42178082191781,5.623972602739726
236.8846153846154,2009.1538461538462,7.038461538461538,-117.0,49.0,29.561153846153847,28.78576923076923,-0.7753846153846156
145.0,2001.5,7.0,-117.0,53.0,25.97583333333333,23.28916666666667,-2.686666666666666
251.8,2010.4,7.0,-117.0,63.0,19.15533333333333,24.122,4.966666666666667
147.04109589041096,2001.6712328767123,6.986301369863014,-115.0,33.0,37.712876712328764,43.50917808219178,5.796301369863014
207.06976744186048,2006.6744186046512,6.976744186046512,-115.0,35.0,41.730232558139534,49.39883720930233,7.6686046511627906
147.04109589041096,2001.6712328767123,6.986301369863014,-115.0,37.0,42.851232876712324,49.10315068493151,6.2519178082191775
25.0,1991.5,7.0,-115.0,41.0,38.800000000000004,49.01416666666666,10.214166666666669
157.0,2002.5,7.0,-115.0,43.0,35.60666666666666,31.39,-4.216666666666665
268.6363636363636,2011.8181818181818,6.818181818181818,-115.0,47.0,32.49454545454545,31.976363636363637,-0.5181818181818181
145.0,2001.5,7.0,-115.0,51.0,29.49513888888889,29.11736111111111,-0.3777777777777779
187.0,2005.0,7.0,-115.0,53.0,25.405098039215687,25.536078431372548,0.1309803921568628
211.0,2007.0,7.0,-115.0,63.0,19.328055555555554,21.917777777777776,2.589722222222222
147.04109589041096,2001.6712328767123,6.986301369863014,-113.0,33.0,38.91712328767123,47.51972602739726,8.602602739726027
183.05454545454546,2004.6727272727273,6.9818181818181815,-113.0,35.0,41.59618181818182,49.00563636363636,7.409454545454545
237.10714285714286,2009.1785714285713,6.964285714285714,-113.0,37.0,41.25428571428571,47.541428571428575,6.2871428571428565
147.04109589041096,2001.6712328767123,6.986301369863014,-113.0,41.0,38.262328767123286,40.574246575342464,2.311917808219178
175.21153846153845,2004.0192307692307,6.980769230769231,-113.0,43.0,36.24865384615385,35.43711538461538,-0.8115384615384607
147.04109589041096,2001.6712328767123,6.986301369863014,-113.0,49.0,31.18123287671233,32.93917808219178,1.7579452054794518
145.0,2001.5,7.0,-113.0,53.0,24.033333333333335,26.10125,2.0679166666666666
237.10714285714286,2009.1785714285713,6.964285714285714,-111.0,31.0,32.566428571428574,40.785000000000004,8.218571428571428
147.04109589041096,2001.6712328767123,6.986301369863014,-111.0,33.0,38.946438356164386,39.41561643835617,0.4691780821917808
279.42857142857144,2012.7142857142858,6.857142857142857,-111.0,37.0,39.728571428571435,43.79571428571428,4.067142857142857
273.3,2012.2,6.9,-111.0,39.0,38.331,38.178,-0.15299999999999941
147.04109589041096,2001.6712328767123,6.986301369863014,-111.0,41.0,39.12109589041096,40.50684931506849,1.3857534246575345
270.75,2012.0,6.75,-111.0,47.0,31.95375,31.62875,-0.3249999999999993
175.0,2004.0,7.0,-111.0,51.0,26.721929824561403,31.50684210526316,4.784912280701755
265.0,2011.5,7.0,-111.0,55.0,23.0275,26.510833333333334,3.483333333333334
148.25714285714287,2001.7714285714285,7.0,-111.0,57.0,22.227285714285717,25.032285714285713,2.8049999999999997
203.1219512195122,2006.341463414634,7.024390243902439,-111.0,59.0,20.97756097560976,22.75951219512195,1.7819512195121952
148.13888888888889,2001.763888888889,6.972222222222222,-109.0,33.0,39.47472222222222,47.35388888888889,7.879166666666666
237.10714285714286,2009.1785714285713,6.964285714285714,-109.0,35.0,40.25642857142857,43.03821428571428,2.781785714285713
167.50819672131146,2003.377049180328,6.983606557377049,-109.0,37.0,40.85393442622951,45.632295081967214,4.778360655737704
177.05172413793105,2004.1724137931035,6.982758620689655,-109.0,39.0,40.60706896551724,41.87120689655172,1.2641379310344822
249.13636363636363,2010.1818181818182,6.954545454545454,-109.0,41.0,39.551818181818184,39.64909090909091,0.09727272727272697
267.2307692307692,2011.6923076923076,6.923076923076923,-109.0,45.0,34.706923076923076,33.073076923076925,-1.6338461538461537
147.04109589041096,2001.6712328767123,6.986301369863014,-107.0,31.0,34.513424657534244,44.29753424657534,9.784109589041096
147.04109589041096,2001.6712328767123,6.986301369863014,-107.0,33.0,38.51958904109589,46.248356164383566,7.728767123287672
147.04109589041096,2001.6712328767123,6.986301369863014,-107.0,35.0,40.79315068493151,47.46780821917808,6.674657534246576
152.72857142857143,2002.142857142857,7.014285714285714,-107.0,37.0,41.25885714285714,39.939571428571426,-1.3192857142857146
267.2307692307692,2011.6923076923076,6.923076923076923,-107.0,39.0,40.09307692307693,40.92230769230769,0.8292307692307682
267.2307692307692,2011.6923076923076,6.923076923076923,-107.0,41.0,39.08615384615385,40.00076923076923,0.9146153846153846
267.2307692307692,2011.6923076923076,6.923076923076923,-107.0,43.0,35.96076923076923,36.699230769230766,0.7384615384615375
267.2307692307692,2011.6923076923076,6.923076923076923,-107.0,45.0,32.81923076923077,32.30384615384615,-0.515384615384617
265.0,2011.5,7.0,-107.0,51.0,26.780833333333334,32.380833333333335,5.599999999999999
154.546875,2002.296875,6.984375,-107.0,53.0,25.0915625,31.49890625,6.40734375
19.0,1991.0,7.0,-105.0,31.0,33.617777777777775,46.78666666666666,13.168888888888889
209.1951219512195,2006.8536585365853,6.951219512195122,-105.0,33.0,35.18658536585366,43.99341463414634,8.806829268292685
147.04109589041096,2001.6712328767123,6.986301369863014,-105.0,39.0,40.48027397260274,40.15068493150685,-0.3295890410958907
147.04109589041096,2001.6712328767123,6.986301369863014,-105.0,41.0,38.38643835616438,40.94534246575343,2.5589041095890415
213.075,2007.175,6.975,-105.0,45.0,32.565250000000006,34.20175,1.6364999999999994
268.0,2011.75,7.0,-105.0,47.0,29.419166666666666,35.45666666666667,6.037499999999999
145.0,2001.5,7.0,-105.0,51.0,27.39888888888889,36.738194444444446,9.339305555555557
235.0,2009.0,7.0,-105.0,53.0,24.667037037037037,28.22925925925926,3.5622222222222226
153.2608695652174,2002.1884057971015,7.0,-103.0,29.0,30.015507246376814,39.75898550724637,9.743478260869564
237.10714285714286,2009.1785714285713,6.964285714285714,-103.0,33.0,32.895714285714284,43.11642857142857,10.220714285714285
237.10714285714286,2009.1785714285713,6.964285714285714,-103.0,43.0,32.25035714285714,43.61785714285714,11.367500000000001
249.13636363636363,2010.1818181818182,6.954545454545454,-103.0,45.0,31.519999999999996,42.549090909090914,11.02909090909091
149.73529411764707,2001.8970588235295,6.970588235294118,-103.0,47.0,30.742941176470588,40.52588235294118,9.782941176470588
237.10714285714286,2009.1785714285713,6.964285714285714,-103.0,49.0,29.006428571428568,34.573928571428574,5.5675
249.13636363636363,2010.1818181818182,6.954545454545454,-101.0,35.0,32.39454545454545,45.49818181818182,13.103636363636362
184.05405405405406,2004.7567567567567,6.972972972972973,-101.0,43.0,32.28621621621621,47.30189189189189,15.015675675675677
147.04109589041096,2001.6712328767123,6.986301369863014,-101.0,47.0,30.805342465753423,41.746849315068495,10.941506849315068
187.0,2005.0,7.0,-99.0,27.0,25.716037735849056,30.14622641509434,4.430188679245283
147.04109589041096,2001.6712328767123,6.986301369863014,-99.0,29.0,27.756712328767122,36.323013698630135,8.566301369863014
211.0,2007.0,7.0,-99.0,31.0,29.759333333333334,38.44466666666667,8.685333333333334
187.71428571428572,2005.061224489796,6.979591836734694,-99.0,35.0,34.20285714285714,45.25571428571429,11.052857142857144
237.10714285714286,2009.1785714285713,6.964285714285714,-99.0,37.0,33.94857142857143,48.816071428571426,14.867500000000001
207.06976744186048,2006.6744186046512,6.976744186046512,-99.0,39.0,34.579302325581395,50.36302325581396,15.78372093023256
144.40845070422534,2001.4507042253522,7.0,-99.0,49.0,28.47507042253521,36.482816901408455,8.00774647887324
177.05172413793105,2004.1724137931035,6.982758620689655,-97.0,25.0,22.970689655172414,33.207931034482755,10.237241379310344
147.04109589041096,2001.6712328767123,6.986301369863014,-97.0,27.0,23.393835616438356,34.272739726027396,10.87890410958904
153.04285714285714,2002.1714285714286,6.985714285714286,-97.0,29.0,24.576285714285714,34.434714285714286,9.858428571428572
147.04109589041096,2001.6712328767123,6.986301369863014,-97.0,31.0,27.744246575342466,37.62945205479452,9.885205479452054
147.04109589041096,2001.6712328767123,6.986301369863014,-97.0,33.0,32.03287671232877,44.92328767123288,12.89041095890411
147.04109589041096,2001.6712328767123,6.986301369863014,-97.0,35.0,35.63068493150685,47.025479452054796,11.394794520547945
147.04109589041096,2001.6712328767123,6.986301369863014,-97.0,37.0,36.05287671232877,50.79945205479452,14.746575342465754
211.0,2007.0,7.0,-97.0,39.0,35.13575757575757,50.166969696969694,15.031212121212121
147.04109589041096,2001.6712328767123,6.986301369863014,-97.0,41.0,35.38589041095891,51.42917808219178,16.04328767123288
209.2439024390244,2006.8536585365853,7.0,-97.0,43.0,32.89243902439024,45.961951219512194,13.069512195121952
267.2307692307692,2011.6923076923076,6.923076923076923,-97.0,45.0,31.14153846153846,44.00153846153846,12.860000000000001
177.05172413793105,2004.1724137931035,6.982758620689655,-97.0,47.0,29.813103448275864,40.40362068965517,10.59051724137931
146.77464788732394,2001.6478873239437,7.0,-97.0,49.0,27.698028169014083,35.32760563380282,7.629577464788733
147.04109589041096,2001.6712328767123,6.986301369863014,-95.0,29.0,25.29082191780822,42.54671232876712,17.255890410958905
147.04109589041096,2001.6712328767123,6.986301369863014,-95.0,31.0,26.822739726027397,36.3613698630137,9.538630136986301
147.04109589041096,2001.6712328767123,6.986301369863014,-95.0,33.0,31.355753424657532,42.567945205479454,11.212191780821916
208.71428571428572,2006.8095238095239,7.0,-95.0,35.0,33.37976190476191,42.96857142857143,9.588809523809525
147.04109589041096,2001.6712328767123,6.986301369863014,-95.0,37.0,35.215890410958906,50.54013698630137,15.324246575342467
147.04109589041096,2001.6712328767123,6.986301369863014,-95.0,39.0,35.636575342465754,50.3317808219178,14.695205479452055
147.04109589041096,2001.6712328767123,6.986301369863014,-95.0,41.0,34.79383561643835,51.00917808219178,16.215342465753427
207.06976744186048,2006.6744186046512,6.976744186046512,-95.0,43.0,32.62488372093023,45.406046511627906,12.781162790697675
237.10714285714286,2009.1785714285713,6.964285714285714,-95.0,45.0,30.954642857142858,43.870357142857145,12.915714285714285
237.10714285714286,2009.1785714285713,6.964285714285714,-95.0,47.0,28.709642857142857,38.11214285714285,9.4025
147.04109589041096,2001.6712328767123,6.986301369863014,-93.0,29.0,26.946438356164382,43.574520547945205,16.62808219178082
147.04109589041096,2001.6712328767123,6.986301369863014,-93.0,31.0,27.197671232876715,35.19698630136986,7.999315068493151
147.04109589041096,2001.6712328767123,6.986301369863014,-93.0,33.0,30.155890410958907,40.73479452054794,10.578904109589041
147.04109589041096,2001.6712328767123,6.986301369863014,-93.0,35.0,33.79931506849315,43.961780821917806,10.162465753424657
147.04109589041096,2001.6712328767123,6.986301369863014,-93.0,37.0,33.37397260273973,49.53890410958904,16.164931506849314
267.2307692307692,2011.6923076923076,6.923076923076923,-93.0,39.0,32.26076923076923,48.38076923076923,16.12
148.47222222222223,2001.7916666666667,6.972222222222222,-93.0,41.0,34.29569444444444,49.59652777777777,15.300833333333335
207.06976744186048,2006.6744186046512,6.976744186046512,-93.0,43.0,32.46325581395349,44.17209302325582,11.708837209302326
147.04109589041096,2001.6712328767123,6.986301369863014,-93.0,45.0,31.237945205479452,43.83164383561644,12.593698630136986
207.06976744186048,2006.6744186046512,6.976744186046512,-93.0,47.0,28.605348837209302,35.94627906976744,7.340930232558139
147.04109589041096,2001.6712328767123,6.986301369863014,-93.0,49.0,26.608630136986303,30.98616438356164,4.377534246575342
147.04109589041096,2001.6712328767123,6.986301369863014,-91.0,29.0,28.67041095890411,46.36410958904109,17.69369863013699
147.04109589041096,2001.6712328767123,6.986301369863014,-91.0,31.0,28.213561643835618,35.81068493150685,7.597123287671233
147.04109589041096,2001.6712328767123,6.986301369863014,-91.0,33.0,30.15890410958904,44.03068493150685,13.871780821917808
147.04109589041096,2001.6712328767123,6.986301369863014,-91.0,35.0,33.25246575342466,46.50657534246575,13.254109589041095
183.05454545454546,2004.6727272727273,6.9818181818181815,-91.0,37.0,33.58163636363636,48.289272727272724,14.707636363636363
147.04109589041096,2001.6712328767123,6.986301369863014,-91.0,39.0,34.51041095890411,49.80301369863014,15.292602739726027
147.04109589041096,2001.6712328767123,6.986301369863014,-91.0,41.0,34.41438356164384,49.377671232876715,14.963287671232877
147.04109589041096,2001.6712328767123,6.986301369863014,-91.0,43.0,33.107123287671236,45.83945205479452,12.732328767123288
145.32857142857142,2001.5285714285715,6.985714285714286,-91.0,45.0,31.30142857142857,43.478857142857144,12.177428571428571
177.05172413793105,2004.1724137931035,6.982758620689655,-91.0,47.0,28.438620689655174,42.014310344827585,13.575689655172413
235.0,2009.0,7.0,-91.0,51.0,23.813333333333333,26.021428571428572,2.2080952380952383
139.9090909090909,2001.0757575757575,7.0,-89.0,29.0,29.60272727272727,47.39621212121212,17.793484848484848
147.04109589041096,2001.6712328767123,6.986301369863014,-89.0,31.0,29.728767123287668,40.94068493150685,11.211917808219178
153.04285714285714,2002.1714285714286,6.985714285714286,-89.0,33.0,30.334142857142854,42.07228571428571,11.738142857142856
147.04109589041096,2001.6712328767123,6.986301369863014,-89.0,35.0,33.16246575342466,44.74123287671233,11.57876712328767
147.04109589041096,2001.6712328767123,6.986301369863014,-89.0,37.0,34.02095890410959,47.951095890410954,13.93013698630137
147.04109589041096,2001.6712328767123,6.986301369863014,-89.0,39.0,34.96821917808219,49.33534246575343,14.367123287671232
147.04109589041096,2001.6712328767123,6.986301369863014,-89.0,41.0,34.311506849315066,47.33794520547945,13.026438356164384
147.04109589041096,2001.6712328767123,6.986301369863014,-89.0,43.0,32.880273972602744,43.33808219178082,10.457808219178082
147.04109589041096,2001.6712328767123,6.986301369863014,-89.0,45.0,31.17945205479452,41.72287671232877,10.543424657534246
177.05172413793105,2004.1724137931035,6.982758620689655,-89.0,47.0,28.569137931034483,38.64775862068966,10.078620689655171
145.0,2001.5,7.0,-89.0,49.0,27.486527777777777,30.25305555555555,2.7665277777777777
147.04109589041096,2001.6712328767123,6.986301369863014,-87.0,31.0,31.012054794520548,49.5472602739726,18.535205479452053
147.04109589041096,2001.6712328767123,6.986301369863014,-87.0,33.0,30.117671232876713,44.03890410958904,13.92123287671233
147.04109589041096,2001.6712328767123,6.986301369863014,-87.0,35.0,32.421506849315065,47.323150684931505,14.901643835616438
147.04109589041096,2001.6712328767123,6.986301369863014,-87.0,37.0,32.69397260273973,48.17835616438356,15.484383561643835
147.04109589041096,2001.6712328767123,6.986301369863014,-87.0,39.0,34.525479452054796,48.293424657534246,13.767945205479451
147.04109589041096,2001.6712328767123,6.986301369863014,-87.0,41.0,34.432054794520546,47.23616438356164,12.804109589041097
147.04109589041096,2001.6712328767123,6.986301369863014,-87.0,43.0,33.38643835616438,52.22835616438356,18.84191780821918
147.04109589041096,2001.6712328767123,6.986301369863014,-87.0,45.0,33.64095890410959,50.88315068493151,17.24219178082192
147.04109589041096,2001.6712328767123,6.986301369863014,-85.0,31.0,29.586849315068495,36.61890410958904,7.0320547945205485
147.04109589041096,2001.6712328767123,6.986301369863014,-85.0,33.0,31.018630136986303,44.84712328767124,13.82849315068493
147.04109589041096,2001.6712328767123,6.986301369863014,-85.0,35.0,33.455342465753425,45.52602739726027,12.070684931506849
147.04109589041096,2001.6712328767123,6.986301369863014,-85.0,37.0,33.53890410958904,51.573150684931505,18.034246575342465
147.04109589041096,2001.6712328767123,6.986301369863014,-85.0,39.0,34.35205479452055,47.551095890410956,13.199041095890411
147.04109589041096,2001.6712328767123,6.986301369863014,-85.0,41.0,34.93109589041096,48.07260273972603,13.14150684931507
147.04109589041096,2001.6712328767123,6.986301369863014,-85.0,43.0,32.978493150684926,42.078630136986305,9.10013698630137
147.04109589041096,2001.6712328767123,6.986301369863014,-85.0,45.0,31.166986301369864,38.30671232876712,7.139726027397261
147.04109589041096,2001.6712328767123,6.986301369863014,-85.0,47.0,29.240684931506852,40.841369863013696,11.60068493150685
147.04109589041096,2001.6712328767123,6.986301369863014,-83.0,27.0,29.59315068493151,42.41972602739726,12.826575342465754
147.04109589041096,2001.6712328767123,6.986301369863014,-83.0,29.0,30.458767123287668,44.78219178082192,14.323424657534245
183.05454545454546,2004.6727272727273,6.9818181818181815,-83.0,31.0,28.83309090909091,34.909454545454544,6.076363636363636
147.04109589041096,2001.6712328767123,6.986301369863014,-83.0,33.0,31.24643835616438,44.82616438356164,13.579726027397259
147.04109589041096,2001.6712328767123,6.986301369863014,-83.0,35.0,34.909041095890416,46.261917808219174,11.352876712328767
147.04109589041096,2001.6712328767123,6.986301369863014,-83.0,37.0,34.56780821917808,46.56205479452055,11.994246575342466
147.04109589041096,2001.6712328767123,6.986301369863014,-83.0,39.0,33.790410958904104,47.63643835616438,13.846027397260274
147.04109589041096,2001.6712328767123,6.986301369863014,-83.0,41.0,34.22164383561643,46.792191780821916,12.57054794520548
147.04109589041096,2001.6712328767123,6.986301369863014,-83.0,43.0,32.223561643835616,41.154931506849316,8.931369863013698
247.0,2010.0,7.0,-83.0,49.0,23.586666666666666,25.19190476190476,1.605238095238095
147.04109589041096,2001.6712328767123,6.986301369863014,-81.0,25.0,26.896849315068494,36.45561643835617,9.558767123287671
147.04109589041096,2001.6712328767123,6.986301369863014,-81.0,27.0,27.583013698630136,33.6072602739726,6.024246575342466
147.04109589041096,2001.6712328767123,6.986301369863014,-81.0,29.0,30.193835616438356,37.03931506849315,6.845479452054794
147.04109589041096,2001.6712328767123,6.986301369863014,-81.0,31.0,32.0472602739726,39.89520547945205,7.847945205479451
147.04109589041096,2001.6712328767123,6.986301369863014,-81.0,33.0,33.012328767123286,42.18109589041096,9.168767123287672
147.04109589041096,2001.6712328767123,6.986301369863014,-81.0,35.0,34.391506849315064,46.723561643835616,12.332054794520548
147.04109589041096,2001.6712328767123,6.986301369863014,-81.0,37.0,34.977260273972604,45.884246575342466,10.906986301369864
147.04109589041096,2001.6712328767123,6.986301369863014,-81.0,39.0,34.41013698630137,45.26068493150685,10.85054794520548
147.04109589041096,2001.6712328767123,6.986301369863014,-81.0,41.0,32.477397260273975,43.19958904109589,10.722191780821918
147.04109589041096,2001.6712328767123,6.986301369863014,-81.0,43.0,33.080958904109586,43.32109589041096,10.24013698630137
145.0,2001.5,7.0,-81.0,45.0,32.173611111111114,46.098194444444445,13.924583333333334
135.66666666666666,2000.7222222222222,7.0,-81.0,47.0,27.31462962962963,32.166296296296295,4.851666666666667
147.04109589041096,2001.6712328767123,6.986301369863014,-79.0,33.0,35.35493150684931,49.76520547945206,14.41027397260274
147.04109589041096,2001.6712328767123,6.986301369863014,-79.0,35.0,33.42095890410959,44.02452054794521,10.603561643835615
147.04109589041096,2001.6712328767123,6.986301369863014,-79.0,37.0,33.557671232876714,46.09164383561644,12.533972602739727
147.04109589041096,2001.6712328767123,6.986301369863014,-79.0,39.0,34.175753424657536,43.381506849315066,9.205753424657534
147.04109589041096,2001.6712328767123,6.986301369863014,-79.0,41.0,32.69534246575343,42.56315068493151,9.86780821917808
147.04109589041096,2001.6712328767123,6.986301369863014,-79.0,43.0,33.17219178082192,45.44808219178082,12.275890410958905
145.0,2001.5,7.0,-79.0,45.0,30.28736111111111,38.53680555555556,8.249444444444444
145.0,2001.5,7.0,-79.0,47.0,26.50861111111111,30.952777777777776,4.444166666666666
235.0,2009.0,7.0,-79.0,49.0,22.5962962962963,23.92,1.323703703703704
147.04109589041096,2001.6712328767123,6.986301369863014,-77.0,35.0,36.75794520547945,51.86315068493151,15.105205479452056
147.04109589041096,2001.6712328767123,6.986301369863014,-77.0,37.0,34.879726027397254,46.74150684931507,11.861780821917808
147.04109589041096,2001.6712328767123,6.986301369863014,-77.0,39.0,33.543424657534246,45.23041095890411,11.686986301369863
147.04109589041096,2001.6712328767123,6.986301369863014,-77.0,41.0,33.65849315068493,45.27095890410959,11.612465753424658
147.04109589041096,2001.6712328767123,6.986301369863014,-77.0,43.0,32.06315068493151,47.075890410958905,15.012739726027398
145.0,2001.5,7.0,-77.0,45.0,30.046944444444446,38.29361111111111,8.246666666666666
32.642857142857146,1992.142857142857,6.928571428571429,-77.0,47.0,25.819285714285712,32.409285714285716,6.590000000000001
187.0,2005.0,7.0,-77.0,49.0,22.722121212121213,24.448787878787876,1.7266666666666668
147.04109589041096,2001.6712328767123,6.986301369863014,-75.0,39.0,38.75356164383562,44.8741095890411,6.120547945205479
147.04109589041096,2001.6712328767123,6.986301369863014,-75.0,41.0,33.34767123287671,40.25657534246575,6.9089041095890416
147.04109589041096,2001.6712328767123,6.986301369863014,-75.0,43.0,30.903013698630136,40.934383561643834,10.0313698630137
147.04109589041096,2001.6712328767123,6.986301369863014,-75.0,45.0,28.660547945205476,38.17342465753424,9.512876712328769
145.0,2001.5,7.0,-75.0,47.0,25.056666666666665,29.509305555555557,4.452638888888889
235.0,2009.0,7.0,-75.0,49.0,23.081111111111113,24.851481481481482,1.77037037037037
147.04109589041096,2001.6712328767123,6.986301369863014,-73.0,41.0,35.430547945205475,43.57616438356164,8.145616438356164
147.04109589041096,2001.6712328767123,6.986301369863014,-73.0,43.0,30.53821917808219,36.39,5.851780821917808
147.04109589041096,2001.6712328767123,6.986301369863014,-73.0,45.0,28.64630136986301,33.986301369863014,5.34
145.0,2001.5,7.0,-73.0,47.0,25.580694444444443,28.537083333333335,2.9563888888888887
151.0,2002.0,7.0,-73.0,49.0,23.468260869565217,25.32710144927536,1.8588405797101448
205.0,2006.5,7.0,-71.0,-33.0,20.554761904761904,17.489047619047618,-3.0657142857142863
147.04109589041096,2001.6712328767123,6.986301369863014,-71.0,41.0,39.763424657534244,46.42904109589041,6.665616438356164
147.04109589041096,2001.6712328767123,6.986301369863014,-71.0,43.0,32.79178082191781,37.20712328767123,4.415342465753424
147.04109589041096,2001.6712328767123,6.986301369863014,-71.0,45.0,29.36602739726027,35.947808219178086,6.581780821917808
145.0,2001.5,7.0,-71.0,47.0,25.747638888888886,28.491805555555555,2.7441666666666666
174.07692307692307,2003.923076923077,7.0,-71.0,49.0,23.69948717948718,24.96871794871795,1.269230769230769
179.3653846153846,2004.3653846153845,6.980769230769231,-69.0,-55.0,20.208846153846153,25.33076923076923,5.121923076923077
147.04109589041096,2001.6712328767123,6.986301369863014,-69.0,43.0,35.31438356164384,39.300000000000004,3.985616438356164
147.04109589041096,2001.6712328767123,6.986301369863014,-69.0,45.0,30.025479452054796,36.71013698630137,6.6846575342465755
147.04109589041096,2001.6712328767123,6.986301369863014,-69.0,47.0,25.66,29.975205479452054,4.315205479452055
31.0,1992.0,7.0,-69.0,49.0,23.862666666666666,26.788666666666664,2.926000000000001
109.0,1998.5,7.0,-67.0,-49.0,19.096666666666668,20.68,1.583333333333334
170.92,2003.66,7.0,-67.0,19.0,20.742399999999996,28.046599999999998,7.3042
167.94117647058823,2003.4117647058824,7.0,-67.0,43.0,36.25156862745098,40.1664705882353,3.9149019607843143
147.04109589041096,2001.6712328767123,6.986301369863014,-67.0,45.0,31.631780821917808,33.66602739726027,2.0342465753424657
205.0,2006.5,7.0,-67.0,47.0,25.33904761904762,26.37142857142857,1.032380952380952
37.0,1992.5,7.0,-67.0,49.0,23.400000000000002,25.5175,2.1175
208.56,2006.8,6.96,-65.0,19.0,20.772,26.77,5.997999999999999
148.41176470588235,2001.7843137254902,7.0,-65.0,33.0,24.32764705882353,35.95980392156863,11.632156862745099
145.0,2001.5,7.0,-65.0,45.0,31.158749999999998,31.971944444444446,0.813194444444444
205.0,2006.5,7.0,-65.0,47.0,26.15738095238095,28.112857142857145,1.9554761904761908
235.0,2009.0,7.0,-65.0,51.0,22.22222222222222,21.985925925925926,-0.23629629629629625
89.9,1996.9,7.1,-63.0,-31.0,18.485,20.957,2.472
266.4,2011.6,7.2,-63.0,-9.0,19.306,17.856,-1.4499999999999988
150.8153846153846,2001.9846153846154,7.0,-63.0,45.0,31.352769230769233,33.212923076923076,1.860153846153846
80.625,1996.125,7.125,-63.0,47.0,27.21,34.46625,7.25625
156.14285714285714,2002.4285714285713,7.0,-63.0,83.0,17.52857142857143,24.847460317460317,7.318888888888888
260.25,2011.125,6.75,-61.0,-3.0,10.625,14.6775,4.0525
209.9090909090909,2006.909090909091,7.0,-61.0,15.0,19.54969696969697,25.82090909090909,6.271212121212121
229.0,2008.5,7.0,-61.0,17.0,20.085,26.019583333333333,5.934583333333333
174.75,2003.975,7.05,-61.0,43.0,32.5895,36.46025,3.87075
265.0,2011.5,7.0,-61.0,45.0,31.253333333333334,33.795,2.5416666666666665
199.0,2006.0,7.0,-61.0,47.0,28.480666666666664,31.348000000000003,2.8673333333333337
235.0,2009.0,7.0,-61.0,53.0,20.777037037037037,21.044814814814817,0.2677777777777778
172.63888888888889,2003.8055555555557,6.972222222222222,-59.0,13.0,18.651944444444446,27.325277777777778,8.673333333333334
152.41666666666666,2002.125,6.916666666666667,-57.0,-25.0,19.929583333333333,20.615,0.6854166666666668
212.35135135135135,2007.1081081081081,7.054054054054054,-57.0,49.0,24.633243243243246,23.27918918918919,-1.3540540540540542
237.9047619047619,2009.2380952380952,7.0476190476190474,-57.0,51.0,22.705714285714286,22.426190476190477,-0.2795238095238099
235.0,2009.0,7.0,-55.0,49.0,24.267407407407408,24.303703703703704,0.036296296296295785
211.0,2007.0,7.0,-53.0,5.0,13.692,16.180666666666667,2.4886666666666666
150.1304347826087,2001.927536231884,7.0,-53.0,47.0,27.731594202898552,31.89159420289855,4.16
207.06976744186048,2006.6744186046512,6.976744186046512,-47.0,-23.0,19.286511627906975,18.41906976744186,-0.8674418604651165
207.06976744186048,2006.6744186046512,6.976744186046512,-45.0,-23.0,21.493488372093022,16.796046511627907,-4.6974418604651165
249.13636363636363,2010.1818181818182,6.954545454545454,-35.0,-77.0,20.792727272727273,19.092727272727274,-1.7000000000000002
259.0,2011.0,7.0,-29.0,39.0,26.651111111111113,35.17444444444445,8.523333333333333
248.0952380952381,2010.095238095238,6.9523809523809526,-27.0,-75.0,21.021428571428572,21.15142857142857,0.1299999999999995
92.1,1997.1,6.9,-27.0,39.0,26.524,38.527,12.003
249.13636363636363,2010.1818181818182,6.954545454545454,-25.0,17.0,27.09,37.005,9.915
161.5,2002.875,7.0,-21.0,63.0,24.71083333333333,33.052083333333336,8.34125
157.4,2002.525,7.1,-21.0,65.0,22.875999999999998,26.594749999999998,3.71875
205.0,2006.5,7.0,-17.0,29.0,32.42055555555555,38.28111111111111,5.860555555555556
116.71428571428571,1999.142857142857,7.0,-17.0,33.0,30.581428571428575,41.636428571428574,11.054999999999998
265.0,2011.5,7.0,-17.0,81.0,18.594166666666666,25.99416666666667,7.3999999999999995
205.0,2006.5,7.0,-15.0,27.0,33.085,40.38,7.295
182.71428571428572,2004.642857142857,7.0,-15.0,29.0,33.531666666666666,41.13785714285714,7.606190476190475
259.0,2011.0,7.0,-13.0,29.0,33.18666666666667,43.31444444444444,10.127777777777778
152.52857142857144,2002.1285714285714,6.985714285714286,-9.0,-71.0,21.29942857142857,19.779571428571426,-1.519857142857143
165.8235294117647,2003.235294117647,7.0,-9.0,37.0,36.724117647058826,45.39509803921569,8.670980392156864
139.0,2001.0,7.0,-9.0,39.0,35.244492753623184,39.281594202898546,4.037101449275362
181.0,2004.5,7.0,-9.0,41.0,33.490833333333335,34.8075,1.3166666666666673
170.59615384615384,2003.6346153846155,6.980769230769231,-9.0,43.0,32.21038461538462,36.44576923076923,4.235384615384616
199.0,2006.0,7.0,-9.0,51.0,28.382564102564103,35.40692307692307,7.024358974358974
147.04109589041096,2001.6712328767123,6.986301369863014,-9.0,53.0,26.657808219178083,30.6686301369863,4.010821917808219
189.05769230769232,2005.173076923077,6.980769230769231,-7.0,37.0,37.79173076923077,43.08115384615384,5.289423076923076
205.0,2006.5,7.0,-7.0,39.0,35.08833333333333,37.11666666666666,2.0283333333333324
229.0,2008.5,7.0,-7.0,41.0,33.074999999999996,34.25666666666667,1.1816666666666666
187.0,2005.0,7.0,-7.0,43.0,30.75176470588235,34.09725490196079,3.3454901960784316
199.0,2006.0,7.0,-7.0,53.0,25.655641025641028,31.443076923076923,5.787435897435897
147.04109589041096,2001.6712328767123,6.986301369863014,-7.0,55.0,25.07835616438356,32.56041095890411,7.482054794520547
181.0,2004.5,7.0,-5.0,37.0,37.153958333333335,41.215624999999996,4.0616666666666665
175.0,2004.0,7.0,-5.0,39.0,36.36315789473684,40.09719298245614,3.7340350877192976
187.0,2005.0,7.0,-5.0,41.0,35.36764705882353,37.43921568627451,2.0715686274509806
187.0,2005.0,7.0,-5.0,43.0,32.153921568627446,36.796470588235294,4.642549019607843
211.0,2007.0,7.0,-5.0,47.0,32.88757575757575,37.18090909090909,4.293333333333334
205.0,2006.5,7.0,-5.0,49.0,30.086666666666662,37.03722222222222,6.950555555555557
185.5,2004.875,7.0,-5.0,51.0,28.795833333333334,34.63041666666667,5.834583333333334
212.175,2007.1,6.975,-5.0,53.0,26.1385,32.40475,6.266249999999999
151.0,2002.0,7.0,-5.0,55.0,25.780158730158732,35.27365079365079,9.493492063492065
147.28169014084506,2001.6901408450703,7.0,-5.0,57.0,25.86985915492958,30.53957746478873,4.669718309859155
184.90384615384616,2004.826923076923,6.980769230769231,-3.0,37.0,38.152884615384615,43.54615384615385,5.3932692307692305
259.0,2011.0,7.0,-3.0,39.0,37.812222222222225,42.01555555555555,4.203333333333331
180.33333333333334,2004.4444444444443,7.0,-3.0,41.0,36.0387037037037,38.99203703703704,2.953333333333333
169.0,2003.5,7.0,-3.0,43.0,32.23759259259259,39.00148148148148,6.763888888888889
199.0,2006.0,7.0,-3.0,47.0,32.75846153846154,37.91615384615385,5.157692307692307
199.0,2006.0,7.0,-3.0,49.0,30.286923076923078,36.97102564102564,6.684102564102564
147.04109589041096,2001.6712328767123,6.986301369863014,-3.0,51.0,28.55109589041096,35.49739726027397,6.946301369863013
147.04109589041096,2001.6712328767123,6.986301369863014,-3.0,53.0,24.74219178082192,27.654109589041095,2.911917808219178
147.04109589041096,2001.6712328767123,6.986301369863014,-3.0,55.0,24.76082191780822,29.625616438356165,4.864794520547945
231.57142857142858,2008.7142857142858,7.0,-3.0,57.0,25.48619047619048,30.42571428571429,4.93952380952381
181.0,2004.5,7.0,-1.0,37.0,37.912708333333335,51.423750000000005,13.511041666666666
187.0,2005.0,7.0,-1.0,39.0,39.095294117647065,40.508039215686274,1.4127450980392153
181.0,2004.5,7.0,-1.0,41.0,37.754583333333336,39.16833333333333,1.41375
181.0,2004.5,7.0,-1.0,43.0,32.94229166666667,33.954166666666666,1.0118749999999999
199.0,2006.0,7.0,-1.0,45.0,31.183846153846154,33.11282051282051,1.9289743589743586
205.0,2006.5,7.0,-1.0,47.0,30.142380952380954,36.60190476190476,6.45952380952381
205.0,2006.5,7.0,-1.0,49.0,29.796904761904763,36.316428571428574,6.519523809523809
145.0,2001.5,7.0,-1.0,51.0,27.890416666666667,31.93375,4.043333333333333
147.04109589041096,2001.6712328767123,6.986301369863014,-1.0,53.0,24.195068493150686,22.633698630136987,-1.561369863013699
147.04109589041096,2001.6712328767123,6.986301369863014,-1.0,55.0,24.858219178082194,28.25849315068493,3.4002739726027396
235.0,2009.0,7.0,-1.0,61.0,27.50740740740741,34.69481481481481,7.187407407407408
181.0,2004.5,7.0,1.0,39.0,38.93895833333333,50.5975,11.658541666666666
175.0,2004.0,7.0,1.0,41.0,38.79298245614035,50.52736842105263,11.734385964912281
187.0,2005.0,7.0,1.0,43.0,33.840980392156865,36.30549019607843,2.464509803921569
199.0,2006.0,7.0,1.0,45.0,30.683846153846154,35.49923076923077,4.815384615384616
199.0,2006.0,7.0,1.0,47.0,29.12282051282051,36.54256410256411,7.4197435897435895
199.0,2006.0,7.0,1.0,49.0,29.344615384615388,34.60179487179487,5.257179487179488
147.04109589041096,2001.6712328767123,6.986301369863014,1.0,51.0,27.814383561643837,35.12917808219178,7.314794520547945
147.04109589041096,2001.6712328767123,6.986301369863014,1.0,53.0,26.080410958904107,34.84315068493151,8.762739726027398
241.78571428571428,2009.5714285714287,6.928571428571429,3.0,-73.0,22.522142857142857,23.97,1.4478571428571434
205.0,2006.5,7.0,3.0,39.0,41.48138888888889,49.283611111111114,7.802222222222222
152.8,2002.15,7.0,3.0,41.0,41.56616666666666,54.56016666666667,12.994
187.0,2005.0,7.0,3.0,43.0,35.659019607843135,38.72588235294118,3.0668627450980392
176.30357142857142,2004.107142857143,7.017857142857143,3.0,45.0,32.402142857142856,38.93017857142858,6.528035714285714
199.0,2006.0,7.0,3.0,47.0,29.488717948717948,36.04051282051282,6.551794871794871
199.0,2006.0,7.0,3.0,49.0,28.58820512820513,34.35410256410256,5.765897435897436
139.0,2001.0,7.0,3.0,51.0,27.363478260869563,32.883043478260866,5.519565217391305
212.8684210526316,2007.157894736842,6.973684210526316,5.0,39.0,42.75447368421053,49.18184210526316,6.427368421052631
207.06976744186048,2006.6744186046512,6.976744186046512,5.0,43.0,37.67488372093023,51.30627906976744,13.63139534883721
199.0,2006.0,7.0,5.0,45.0,34.742051282051285,36.19307692307692,1.451025641025641
205.0,2006.5,7.0,5.0,47.0,31.462380952380954,35.095238095238095,3.632857142857143
146.95774647887325,2001.661971830986,7.014084507042254,5.0,49.0,28.837042253521126,35.82352112676056,6.986478873239437
145.0,2001.5,7.0,5.0,51.0,26.33625,28.983333333333334,2.647083333333333
145.0,2001.5,7.0,5.0,53.0,27.951944444444443,35.861250000000005,7.909305555555556
183.05454545454546,2004.6727272727273,6.9818181818181815,5.0,59.0,29.182,37.857454545454544,8.675454545454546
242.7058823529412,2009.6470588235295,6.9411764705882355,5.0,61.0,27.54941176470588,35.650588235294116,8.101176470588236
199.0,2006.0,7.0,7.0,43.0,40.913589743589746,55.09846153846154,14.184871794871793
205.0,2006.5,7.0,7.0,45.0,37.065,34.298809523809524,-2.766190476190477
147.04109589041096,2001.6712328767123,6.986301369863014,7.0,47.0,33.99972602739726,39.511232876712334,5.511506849315069
147.04109589041096,2001.6712328767123,6.986301369863014,7.0,49.0,27.486849315068493,33.81315068493151,6.326301369863014
147.04109589041096,2001.6712328767123,6.986301369863014,7.0,51.0,25.458356164383563,29.958356164383563,4.5
147.04109589041096,2001.6712328767123,6.986301369863014,7.0,53.0,27.909726027397262,35.619726027397256,7.710000000000001
125.52,1999.88,6.96,7.0,55.0,28.770799999999998,35.926,7.1552
79.0,1996.0,7.0,7.0,61.0,27.972051282051286,29.54,1.5679487179487177
211.0,2007.0,7.0,9.0,39.0,43.86151515151516,49.169393939393935,5.307878787878788
205.0,2006.5,7.0,9.0,41.0,44.13972222222222,46.918055555555554,2.7783333333333338
238.8421052631579,2009.3157894736842,7.052631578947368,9.0,43.0,40.72052631578948,59.49947368421053,18.778947368421054
145.0,2001.5,7.0,9.0,45.0,37.64375,45.774027777777775,8.130277777777778
147.04109589041096,2001.6712328767123,6.986301369863014,9.0,47.0,34.964246575342464,38.55945205479452,3.5952054794520545
147.04109589041096,2001.6712328767123,6.986301369863014,9.0,49.0,28.319726027397262,35.145753424657535,6.826027397260274
147.04109589041096,2001.6712328767123,6.986301369863014,9.0,51.0,26.129863013698632,34.157534246575345,8.027671232876711
147.04109589041096,2001.6712328767123,6.986301369863014,9.0,53.0,27.421917808219177,28.695890410958906,1.273972602739726
147.04109589041096,2001.6712328767123,6.986301369863014,9.0,55.0,29.05369863013699,34.45301369863014,5.39931506849315
145.0,2001.5,7.0,9.0,57.0,29.887777777777778,37.31055555555556,7.422777777777777
147.04109589041096,2001.6712328767123,6.986301369863014,9.0,59.0,28.725205479452054,27.954520547945208,-0.7706849315068494
147.04109589041096,2001.6712328767123,6.986301369863014,9.0,63.0,26.81808219178082,33.46479452054794,6.646712328767123
199.0,2006.0,7.0,11.0,43.0,40.89025641025641,49.26128205128205,8.371025641025641
199.0,2006.0,7.0,11.0,45.0,36.897948717948715,41.45538461538462,4.557435897435898
147.04109589041096,2001.6712328767123,6.986301369863014,11.0,47.0,35.4341095890411,36.671643835616436,1.2375342465753423
147.04109589041096,2001.6712328767123,6.986301369863014,11.0,49.0,30.09986301369863,36.669041095890414,6.569178082191781
147.04109589041096,2001.6712328767123,6.986301369863014,11.0,51.0,27.364109589041096,36.687534246575346,9.323424657534247
147.04109589041096,2001.6712328767123,6.986301369863014,11.0,53.0,27.593150684931505,33.044931506849316,5.451780821917809
147.04109589041096,2001.6712328767123,6.986301369863014,11.0,55.0,28.574109589041093,34.222054794520545,5.647945205479452
145.0,2001.5,7.0,11.0,57.0,29.43416666666667,36.18833333333333,6.754166666666666
147.04109589041096,2001.6712328767123,6.986301369863014,11.0,59.0,28.694520547945203,29.413150684931505,0.718630136986301
149.64788732394365,2001.887323943662,7.0,11.0,61.0,27.360704225352116,29.809014084507044,2.44830985915493
147.04109589041096,2001.6712328767123,6.986301369863014,11.0,79.0,19.73178082191781,27.15876712328767,7.426986301369863
259.0,2011.0,7.0,13.0,37.0,41.763333333333335,51.55555555555556,9.792222222222222
205.0,2006.5,7.0,13.0,39.0,44.280833333333334,50.67777777777778,6.396944444444445
199.0,2006.0,7.0,13.0,41.0,43.08205128205128,51.49948717948718,8.417435897435897
177.05172413793105,2004.1724137931035,6.982758620689655,13.0,43.0,37.93344827586207,43.18827586206897,5.254827586206896
205.0,2006.5,7.0,13.0,45.0,36.42388888888889,41.25694444444444,4.833055555555555
147.04109589041096,2001.6712328767123,6.986301369863014,13.0,47.0,35.27849315068493,35.989178082191785,0.7106849315068495
147.04109589041096,2001.6712328767123,6.986301369863014,13.0,49.0,32.0658904109589,37.005753424657534,4.939863013698631
147.04109589041096,2001.6712328767123,6.986301369863014,13.0,51.0,27.864383561643834,35.91465753424657,8.050273972602739
147.04109589041096,2001.6712328767123,6.986301369863014,13.0,53.0,28.47945205479452,36.00397260273972,7.524520547945206
147.04109589041096,2001.6712328767123,6.986301369863014,13.0,55.0,28.70945205479452,33.051506849315075,4.342054794520548
145.0,2001.5,7.0,13.0,57.0,29.327777777777776,36.49305555555556,7.165277777777778
147.04109589041096,2001.6712328767123,6.986301369863014,13.0,65.0,24.15904109589041,28.925753424657533,4.766712328767124
230.34782608695653,2008.608695652174,7.043478260869565,15.0,35.0,41.93695652173913,47.74173913043478,5.8047826086956515
189.05769230769232,2005.173076923077,6.980769230769231,15.0,37.0,43.425384615384615,49.09576923076923,5.670384615384616
239.0,2009.3333333333333,7.0,15.0,39.0,42.83277777777778,54.327777777777776,11.495
201.0,2006.1666666666667,7.0,15.0,41.0,41.48277777777778,49.350833333333334,7.868055555555555
199.0,2006.0,7.0,15.0,43.0,39.495384615384616,49.026153846153846,9.53076923076923
189.05769230769232,2005.173076923077,6.980769230769231,15.0,45.0,37.792115384615386,53.36692307692307,15.574807692307692
153.04285714285714,2002.1714285714286,6.985714285714286,15.0,47.0,34.64028571428572,36.090714285714284,1.4504285714285714
147.04109589041096,2001.6712328767123,6.986301369863014,15.0,49.0,32.4572602739726,38.76397260273973,6.306712328767123
153.04285714285714,2002.1714285714286,6.985714285714286,15.0,51.0,28.30485714285714,34.43871428571428,6.133857142857142
153.04285714285714,2002.1714285714286,6.985714285714286,15.0,53.0,28.549142857142858,35.00285714285714,6.453714285714286
145.0,2001.5,7.0,15.0,57.0,29.408194444444444,34.058055555555555,4.649861111111111
211.0,2007.0,7.0,15.0,59.0,26.971538461538465,30.62538461538461,3.6538461538461537
235.0,2009.0,7.0,15.0,63.0,24.737777777777776,27.965185185185184,3.227407407407407
229.0,2008.5,7.0,17.0,39.0,42.611666666666665,55.42958333333333,12.817916666666669
229.0,2008.5,7.0,17.0,41.0,40.720416666666665,51.3425,10.622083333333334
239.0,2009.3333333333333,7.0,17.0,45.0,34.51833333333333,38.81055555555556,4.292222222222223
147.04109589041096,2001.6712328767123,6.986301369863014,17.0,47.0,32.199999999999996,45.20150684931507,13.001506849315069
145.0,2001.5,7.0,17.0,49.0,31.295416666666668,38.04472222222222,6.749305555555555
169.0,2003.5,7.0,17.0,51.0,29.54296296296296,34.787592592592596,5.24462962962963
229.0,2008.5,7.0,17.0,53.0,28.990416666666665,34.98791666666667,5.9975
183.05454545454546,2004.6727272727273,6.9818181818181815,17.0,55.0,29.489272727272727,36.300363636363635,6.811090909090909
145.0,2001.5,7.0,17.0,59.0,28.970833333333335,32.62555555555556,3.654722222222222
153.04285714285714,2002.1714285714286,6.985714285714286,19.0,-35.0,22.634285714285717,30.34628571428571,7.712000000000001
229.0,2008.5,7.0,19.0,41.0,38.4875,44.361000000000004,5.8735
217.0,2007.5,7.0,19.0,43.0,36.666666666666664,39.1325,2.4658333333333338
207.0,2006.6666666666667,7.0,19.0,45.0,33.57,40.37111111111111,6.801111111111112
147.04109589041096,2001.6712328767123,6.986301369863014,19.0,47.0,31.813972602739728,44.436164383561646,12.622191780821918
169.0,2003.5,7.0,19.0,49.0,31.363148148148145,37.65814814814815,6.295
181.0,2004.5,7.0,19.0,51.0,29.30541666666667,33.03208333333333,3.7266666666666666
199.60526315789474,2006.0526315789473,6.973684210526316,19.0,53.0,28.860000000000003,34.85342105263158,5.993421052631579
199.0,2006.0,7.0,19.0,55.0,29.192307692307693,35.14051282051282,5.948205128205128
199.0,2006.0,7.0,19.0,59.0,29.580000000000002,32.37102564102564,2.7910256410256404
147.04109589041096,2001.6712328767123,6.986301369863014,19.0,65.0,24.121643835616435,26.408356164383562,2.2867123287671234
235.0,2009.0,7.0,21.0,41.0,38.05777777777777,40.275925925925925,2.2181481481481473
223.0,2008.0,7.0,21.0,43.0,36.289523809523814,40.053333333333335,3.7638095238095235
229.0,2008.5,7.0,21.0,45.0,33.393750000000004,41.152499999999996,7.758750000000002
201.0,2006.1666666666667,7.0,21.0,47.0,31.213055555555556,36.971111111111114,5.758055555555555
159.3230769230769,2002.6923076923076,7.015384615384615,21.0,49.0,31.105076923076922,38.32507692307693,7.219999999999999
183.05454545454546,2004.6727272727273,6.9818181818181815,21.0,51.0,29.454545454545453,36.29890909090909,6.844363636363636
184.8913043478261,2004.8260869565217,6.978260869565218,21.0,53.0,28.910869565217393,35.664565217391306,6.7536956521739135
177.05172413793105,2004.1724137931035,6.982758620689655,21.0,55.0,29.498103448275863,35.24655172413793,5.748448275862068
178.12280701754386,2004.2631578947369,6.964912280701754,21.0,57.0,30.68245614035088,33.27157894736842,2.5891228070175436
145.0,2001.5,7.0,21.0,59.0,30.42694444444444,36.36277777777778,5.935833333333333
259.0,2011.0,7.0,21.0,63.0,25.87777777777778,27.826666666666668,1.9488888888888884
151.0,2002.0,7.0,21.0,67.0,22.963478260869564,25.756376811594205,2.792898550724638
139.0,2001.0,7.0,23.0,37.0,43.408550724637685,62.787826086956514,19.37927536231884
139.0,2001.0,7.0,23.0,39.0,40.49289855072464,52.36304347826087,11.87014492753623
205.0,2006.5,7.0,23.0,41.0,38.48861111111111,46.291111111111114,7.802499999999999
203.0,2006.3333333333333,7.0,23.0,43.0,35.375,40.630833333333335,5.255833333333333
235.0,2009.0,7.0,23.0,45.0,33.09190476190476,38.381904761904764,5.289999999999999
237.0,2009.1666666666667,7.0,23.0,47.0,30.404999999999998,39.11333333333333,8.708333333333334
178.0,2004.25,7.0,23.0,49.0,30.560357142857146,37.212857142857146,6.652500000000001
199.74193548387098,2006.0645161290322,6.967741935483871,23.0,51.0,29.167096774193546,39.821935483870966,10.654838709677419
229.0,2008.5,7.0,23.0,53.0,28.34958333333333,34.4625,6.112916666666666
183.05454545454546,2004.6727272727273,6.9818181818181815,23.0,55.0,28.579272727272727,35.369454545454545,6.790181818181819
241.0,2009.5,7.0,23.0,57.0,28.00583333333333,30.74,2.734166666666667
229.0,2008.5,7.0,23.0,61.0,26.907916666666665,27.165000000000003,0.2570833333333337
192.33333333333334,2005.4444444444443,7.0,25.0,35.0,43.565185185185186,50.44111111111111,6.875925925925926
235.0,2009.0,7.0,25.0,41.0,38.404444444444444,47.90481481481482,9.50037037037037
206.63636363636363,2006.6363636363637,7.0,25.0,43.0,34.199393939393936,40.65121212121212,6.451818181818182
259.0,2011.0,7.0,25.0,45.0,32.73555555555556,40.62555555555556,7.889999999999999
265.0,2011.5,7.0,25.0,47.0,31.189166666666665,38.96333333333333,7.774166666666666
194.63636363636363,2005.6363636363637,7.0,25.0,55.0,28.45030303030303,35.02212121212121,6.571818181818182
207.06976744186048,2006.6744186046512,6.976744186046512,25.0,57.0,26.950232558139533,29.344651162790697,2.394418604651163
189.05769230769232,2005.173076923077,6.980769230769231,25.0,59.0,27.224807692307692,30.430192307692305,3.2053846153846157
139.0,2001.0,7.0,25.0,61.0,26.523043478260867,28.422318840579713,1.8992753623188408
151.54545454545453,2002.0454545454545,7.0,25.0,63.0,25.14060606060606,28.041060606060608,2.9004545454545454
259.0,2011.0,7.0,25.0,65.0,22.274444444444445,25.195555555555554,2.92111111111111
171.0,2003.6666666666667,7.0,25.0,67.0,22.325,24.590740740740742,2.265740740740741
163.0,2003.0,7.0,25.0,69.0,21.52051282051282,24.00025641025641,2.47974358974359
249.13636363636363,2010.1818181818182,6.954545454545454,27.0,-27.0,22.23909090909091,23.684545454545454,1.4454545454545455
271.0,2012.0,7.0,27.0,-25.0,23.955,27.689999999999998,3.735
203.0,2006.3333333333333,7.0,27.0,43.0,34.38472222222222,43.47944444444445,9.094722222222222
229.0,2008.5,7.0,27.0,45.0,33.29291666666666,42.330416666666665,9.037499999999998
235.0,2009.0,7.0,27.0,47.0,31.710952380952378,40.20619047619048,8.495238095238095
211.0,2007.0,7.0,27.0,55.0,27.55666666666667,31.804848484848485,4.248181818181819
139.0,2001.0,7.0,27.0,57.0,25.843333333333334,26.959999999999997,1.116666666666666
199.0,2006.0,7.0,27.0,59.0,26.371025641025643,29.581025641025644,3.21
145.07042253521126,2001.5070422535211,6.985915492957746,27.0,61.0,26.366901408450705,29.415915492957744,3.049014084507042
229.0,2008.5,7.0,27.0,63.0,24.56958333333333,25.779583333333335,1.2099999999999997
237.10714285714286,2009.1785714285713,6.964285714285714,29.0,-27.0,23.349642857142857,21.860714285714288,-1.4889285714285712
267.2307692307692,2011.6923076923076,6.923076923076923,29.0,-25.0,23.321538461538463,23.056153846153848,-0.26538461538461505
163.0,2003.0,7.0,29.0,59.0,25.927333333333333,28.274333333333335,2.347
145.0,2001.5,7.0,29.0,67.0,21.57541666666667,25.335833333333333,3.7604166666666665
169.0,2003.5,7.0,29.0,69.0,21.206481481481482,24.649074074074072,3.442592592592592
268.3333333333333,2011.7777777777778,7.0,31.0,31.0,38.59,48.27666666666667,9.686666666666667
199.0,2006.0,7.0,31.0,63.0,24.24076923076923,24.463333333333335,0.22256410256410275
176.73214285714286,2004.142857142857,7.017857142857143,33.0,35.0,40.93142857142857,52.316607142857144,11.385178571428572
213.075,2007.175,6.975,35.0,31.0,41.113,48.97775,7.864750000000001
213.075,2007.175,6.975,35.0,33.0,37.578500000000005,49.25475,11.67625
143.0,2001.3333333333333,7.0,37.0,55.0,28.321111111111108,31.163333333333338,2.842222222222223
189.05769230769232,2005.173076923077,6.980769230769231,39.0,-69.0,21.63269230769231,22.49346153846154,0.8607692307692307
267.2307692307692,2011.6923076923076,6.923076923076923,51.0,35.0,42.13,49.93076923076923,7.80076923076923
203.0,2006.3333333333333,7.0,55.0,-21.0,22.80361111111111,30.238055555555555,7.434444444444444
43.0,1993.0,7.0,73.0,23.0,21.014444444444443,36.45111111111111,15.436666666666667
85.0,1996.5,7.0,77.0,-37.0,21.9875,28.848333333333333,6.860833333333333
277.0,2012.5,7.0,77.0,31.0,39.685,42.00875,2.3237500000000013
201.3,2006.2,6.9,77.0,43.0,40.007,38.182,-1.8250000000000015
265.0,2011.5,7.0,79.0,13.0,22.441666666666666,29.48,7.038333333333334
264.3636363636364,2011.4545454545455,6.909090909090909,79.0,29.0,35.66818181818182,40.71363636363637,5.045454545454546
294.0,2014.0,6.0,85.0,45.0,38.76,49.25,10.490000000000002
294.0,2014.0,6.0,85.0,47.0,35.18,50.04,14.86
294.0,2014.0,6.0,87.0,41.0,40.76,51.41,10.649999999999999
294.0,2014.0,6.0,87.0,43.0,41.89,52.57,10.68
267.2307692307692,2011.6923076923076,6.923076923076923,87.0,47.0,35.035384615384615,49.78,14.744615384615384
223.0,2008.0,7.0,89.0,61.0,20.33111111111111,21.764444444444443,1.433333333333334
294.0,2014.0,6.0,91.0,29.0,36.69,39.74,3.0500000000000043
259.0,2011.0,7.0,99.0,19.0,16.794444444444444,16.66,-0.13444444444444434
294.0,2014.0,6.0,99.0,39.0,43.83,56.0,12.170000000000002
197.61363636363637,2005.8863636363637,6.9772727272727275,101.0,-1.0,21.015454545454546,23.836136363636363,2.8206818181818183
204.2941176470588,2006.4411764705883,7.0,101.0,13.0,16.133235294117647,20.913529411764703,4.780294117647059
294.0,2014.0,6.0,101.0,27.0,26.45,26.39,-0.05999999999999872
294.0,2014.0,6.0,101.0,37.0,41.74,48.63,6.890000000000001
294.0,2014.0,6.0,103.0,25.0,28.08,26.82,-1.259999999999998
294.0,2014.0,6.0,103.0,31.0,33.93,28.02,-5.91
294.0,2014.0,6.0,103.0,37.0,37.75,45.89,8.14
294.0,2014.0,6.0,103.0,39.0,40.98,54.75,13.770000000000003
294.0,2014.0,6.0,105.0,29.0,30.71,28.57,-2.1400000000000006
294.0,2014.0,6.0,105.0,31.0,28.65,28.73,0.08000000000000185
294.0,2014.0,6.0,105.0,35.0,38.79,36.74,-2.049999999999997
294.0,2014.0,6.0,105.0,39.0,39.49,53.72,14.229999999999997
164.22413793103448,2003.103448275862,6.982758620689655,107.0,-7.0,23.25793103448276,25.95758620689655,2.6996551724137934
294.0,2014.0,6.0,107.0,27.0,28.54,24.75,-3.789999999999999
294.0,2014.0,6.0,107.0,29.0,29.12,27.25,-1.870000000000001
294.0,2014.0,6.0,107.0,31.0,28.34,28.91,0.5700000000000003
294.0,2014.0,6.0,107.0,35.0,37.07,32.83,-4.240000000000002
294.0,2014.0,6.0,107.0,39.0,38.5,49.83,11.329999999999998
294.0,2014.0,6.0,109.0,19.0,25.6,22.06,-3.5400000000000027
294.0,2014.0,6.0,109.0,21.0,25.99,25.69,-0.29999999999999716
294.0,2014.0,6.0,109.0,23.0,26.95,21.6,-5.349999999999998
294.0,2014.0,6.0,109.0,25.0,28.64,21.43,-7.210000000000001
294.0,2014.0,6.0,109.0,35.0,35.45,34.48,-0.970000000000006
294.0,2014.0,6.0,109.0,37.0,38.47,43.97,5.5
294.0,2014.0,6.0,109.0,39.0,38.93,46.07,7.140000000000001
294.0,2014.0,6.0,109.0,41.0,37.09,47.15,10.059999999999995
294.0,2014.0,6.0,111.0,19.0,25.4,25.39,-0.00999999999999801
294.0,2014.0,6.0,111.0,21.0,25.65,24.76,-0.889999999999997
294.0,2014.0,6.0,111.0,25.0,29.17,21.15,-8.020000000000003
294.0,2014.0,6.0,111.0,29.0,31.4,30.34,-1.0599999999999987
294.0,2014.0,6.0,111.0,31.0,33.73,30.75,-2.979999999999997
294.0,2014.0,6.0,111.0,35.0,36.08,37.31,1.230000000000004
294.0,2014.0,6.0,111.0,37.0,38.55,41.92,3.3700000000000045
294.0,2014.0,6.0,111.0,39.0,39.24,43.21,3.969999999999999
294.0,2014.0,6.0,111.0,41.0,37.05,46.4,9.350000000000001
139.48,2001.04,7.0,113.0,-7.0,23.3748,37.312,13.9372
209.04545454545453,2006.840909090909,6.954545454545454,113.0,23.0,23.638181818181817,23.46886363636364,-0.16931818181818165
294.0,2014.0,6.0,113.0,25.0,28.17,20.91,-7.260000000000002
294.0,2014.0,6.0,113.0,27.0,28.74,26.09,-2.6499999999999986
294.0,2014.0,6.0,113.0,29.0,30.18,31.72,1.5399999999999991
294.0,2014.0,6.0,113.0,31.0,32.54,32.66,0.11999999999999744
294.0,2014.0,6.0,113.0,33.0,34.68,39.49,4.810000000000002
294.0,2014.0,6.0,113.0,35.0,35.18,41.1,5.920000000000002
294.0,2014.0,6.0,113.0,37.0,38.16,43.61,5.450000000000003
294.0,2014.0,6.0,113.0,39.0,37.61,43.7,6.090000000000003
294.0,2014.0,6.0,113.0,41.0,37.61,46.52,8.910000000000004
183.05454545454546,2004.6727272727273,6.9818181818181815,115.0,-33.0,21.956,29.62709090909091,7.67109090909091
159.044776119403,2002.6716417910447,6.985074626865671,115.0,-31.0,21.43492537313433,27.406865671641793,5.971940298507462
149.02702702702703,2001.837837837838,6.972972972972973,115.0,23.0,23.472972972972972,30.53527027027027,7.062297297297297
294.0,2014.0,6.0,115.0,29.0,30.71,30.99,0.2799999999999976
294.0,2014.0,6.0,115.0,31.0,29.61,33.4,3.789999999999999
294.0,2014.0,6.0,115.0,35.0,33.31,44.42,11.11
294.0,2014.0,6.0,115.0,37.0,33.97,42.62,8.649999999999999
246.96,2010.0,6.96,115.0,39.0,31.2588,46.2312,14.9724
294.0,2014.0,6.0,115.0,41.0,35.96,45.14,9.18
172.11864406779662,2003.7627118644068,6.966101694915254,117.0,-31.0,19.022711864406777,23.480847457627117,4.458135593220338
294.0,2014.0,6.0,117.0,23.0,27.46,29.28,1.8200000000000003
294.0,2014.0,6.0,117.0,25.0,29.87,21.74,-8.130000000000003
294.0,2014.0,6.0,117.0,29.0,30.8,29.38,-1.4200000000000017
294.0,2014.0,6.0,117.0,31.0,31.85,33.44,1.5899999999999963
294.0,2014.0,6.0,117.0,35.0,32.37,43.47,11.100000000000001
220.63636363636363,2007.8181818181818,6.818181818181818,117.0,37.0,31.138181818181817,43.61,12.47181818181818
239.06896551724137,2009.344827586207,6.931034482758621,117.0,39.0,29.281724137931032,45.179310344827584,15.89758620689655
239.06896551724137,2009.344827586207,6.931034482758621,117.0,41.0,32.00827586206896,44.23586206896552,12.227586206896552
237.10714285714286,2009.1785714285713,6.964285714285714,119.0,23.0,26.071428571428573,28.91107142857143,2.8396428571428567
294.0,2014.0,6.0,119.0,25.0,29.14,37.81,8.670000000000002
294.0,2014.0,6.0,119.0,27.0,30.19,24.67,-5.52
294.0,2014.0,6.0,119.0,29.0,29.88,30.81,0.9299999999999997
208.6,2006.8,7.0,119.0,31.0,28.691714285714287,32.047428571428576,3.3557142857142854
278.8888888888889,2012.6666666666667,6.888888888888889,119.0,33.0,26.813333333333333,38.60666666666666,11.793333333333333
294.0,2014.0,6.0,119.0,35.0,31.84,42.8,10.959999999999997
294.0,2014.0,6.0,119.0,37.0,32.19,46.44,14.25
294.0,2014.0,6.0,119.0,39.0,29.24,49.05,19.81
294.0,2014.0,6.0,119.0,41.0,34.99,47.39,12.399999999999999
294.0,2014.0,6.0,119.0,43.0,33.66,41.95,8.290000000000006
183.05454545454546,2004.6727272727273,6.9818181818181815,121.0,21.0,23.10309090909091,27.855636363636364,4.752545454545454
183.05454545454546,2004.6727272727273,6.9818181818181815,121.0,23.0,24.92472727272727,24.28090909090909,-0.6438181818181817
183.05454545454546,2004.6727272727273,6.9818181818181815,121.0,25.0,26.75090909090909,34.98509090909091,8.234181818181819
294.0,2014.0,6.0,121.0,27.0,31.3,47.04,15.739999999999998
294.0,2014.0,6.0,121.0,29.0,27.68,35.09,7.410000000000004
294.0,2014.0,6.0,121.0,31.0,26.36,37.57,11.21
294.0,2014.0,6.0,121.0,33.0,28.28,44.66,16.379999999999995
294.0,2014.0,6.0,121.0,35.0,32.38,50.03,17.65
294.0,2014.0,6.0,121.0,37.0,32.53,47.14,14.61
294.0,2014.0,6.0,121.0,39.0,32.12,51.22,19.1
294.0,2014.0,6.0,121.0,41.0,32.82,45.69,12.869999999999997
189.05769230769232,2005.173076923077,6.980769230769231,123.0,25.0,25.315384615384616,32.762115384615385,7.446730769230769
294.0,2014.0,6.0,123.0,29.0,33.14,48.28,15.14
294.0,2014.0,6.0,123.0,31.0,32.62,49.29,16.67
294.0,2014.0,6.0,123.0,37.0,35.7,50.71,15.009999999999998
294.0,2014.0,6.0,123.0,39.0,31.24,47.33,16.09
294.0,2014.0,6.0,123.0,41.0,30.46,41.48,11.019999999999996
294.0,2014.0,6.0,123.0,47.0,31.38,41.91,10.529999999999998
265.0,2011.5,7.0,125.0,25.0,23.997500000000002,28.7225,4.725
211.0,2007.0,7.0,125.0,33.0,31.09733333333333,38.15,7.052666666666666
279.42857142857144,2012.7142857142858,6.857142857142857,125.0,37.0,34.291428571428575,49.92857142857143,15.637142857142859
294.0,2014.0,6.0,125.0,41.0,31.02,36.6,5.580000000000002
294.0,2014.0,6.0,125.0,43.0,30.01,41.79,11.779999999999998
294.0,2014.0,6.0,125.0,47.0,29.62,42.02,12.400000000000002
235.0,2009.0,7.0,127.0,27.0,24.196296296296296,29.62925925925926,5.4329629629629625
213.075,2007.175,6.975,127.0,33.0,31.22675,40.227,9.00025
213.075,2007.175,6.975,127.0,35.0,32.202,40.76375,8.56175
213.075,2007.175,6.975,127.0,37.0,29.483999999999998,41.067,11.583
213.075,2007.175,6.975,127.0,39.0,29.778,29.04475,-0.7332499999999998
294.0,2014.0,6.0,127.0,43.0,31.54,36.19,4.649999999999999
242.3846153846154,2009.6153846153845,7.0,127.0,45.0,28.01923076923077,35.85192307692308,7.832692307692308
199.0,2006.0,7.0,129.0,27.0,22.565897435897437,27.895384615384618,5.329487179487179
145.0,2001.5,7.0,129.0,33.0,29.356527777777778,46.583888888888886,17.227361111111108
213.075,2007.175,6.975,129.0,35.0,29.06725,39.09675,10.0295
213.075,2007.175,6.975,129.0,37.0,30.68825,33.8895,3.2012500000000004
209.35135135135135,2006.8648648648648,6.972972972972973,129.0,39.0,31.944864864864865,43.18864864864865,11.243783783783783
294.0,2014.0,6.0,129.0,45.0,30.17,33.71,3.539999999999999
145.0,2001.5,7.0,131.0,31.0,25.944305555555555,39.04194444444445,13.097638888888888
145.0,2001.5,7.0,131.0,33.0,26.342083333333335,35.24444444444444,8.902361111111112
145.0,2001.5,7.0,131.0,35.0,29.921805555555554,45.66180555555556,15.74
211.92307692307693,2007.076923076923,7.0,131.0,37.0,31.514358974358974,41.57410256410257,10.05974358974359
145.0,2001.5,7.0,133.0,33.0,26.10638888888889,41.15958333333333,15.053194444444443
145.0,2001.5,7.0,133.0,35.0,26.65083333333333,35.377916666666664,8.727083333333333
203.77142857142857,2006.4,6.9714285714285715,133.0,37.0,31.97114285714286,41.232285714285716,9.261142857142858
145.0,2001.5,7.0,135.0,33.0,25.90138888888889,42.51263888888889,16.61125
145.0,2001.5,7.0,135.0,35.0,26.40138888888889,38.92930555555555,12.527916666666666
265.0,2011.5,7.0,137.0,33.0,24.963333333333335,38.195,13.231666666666667
145.0,2001.5,7.0,137.0,35.0,25.654583333333335,45.83416666666667,20.179583333333333
145.0,2001.5,7.0,137.0,37.0,28.073888888888888,37.15416666666667,9.080277777777779
164.82692307692307,2003.1538461538462,6.980769230769231,139.0,-35.0,19.0125,23.153846153846153,4.141346153846154
145.0,2001.5,7.0,139.0,35.0,25.747083333333332,42.22569444444444,16.47861111111111
145.0,2001.5,7.0,139.0,37.0,25.515,28.804027777777776,3.2890277777777777
145.0,2001.5,7.0,139.0,39.0,28.836805555555557,39.29666666666667,10.459861111111111
145.0,2001.5,7.0,141.0,35.0,24.330972222222222,37.135416666666664,12.804444444444444
147.04109589041096,2001.6712328767123,6.986301369863014,141.0,37.0,24.046575342465754,43.29301369863013,19.246438356164383
147.04109589041096,2001.6712328767123,6.986301369863014,141.0,39.0,26.819589041095888,34.573287671232876,7.753698630136986
205.0,2006.5,7.0,141.0,41.0,29.01571428571429,30.573095238095238,1.557380952380953
156.71428571428572,2002.4761904761904,7.0,141.0,43.0,29.05952380952381,28.497460317460316,-0.5620634920634919
198.32432432432432,2005.945945945946,6.972972972972973,141.0,45.0,28.28945945945946,27.74675675675676,-0.5427027027027028
199.67567567567568,2006.054054054054,7.027027027027027,143.0,27.0,16.262972972972975,20.30972972972973,4.046756756756756
235.0,2009.0,7.0,143.0,43.0,27.972962962962963,27.70777777777778,-0.2651851851851851
147.04109589041096,2001.6712328767123,6.986301369863014,145.0,-41.0,21.111095890410958,27.433424657534246,6.322328767123287
237.10714285714286,2009.1785714285713,6.964285714285714,145.0,-39.0,20.207857142857144,26.863571428571426,6.655714285714287
237.10714285714286,2009.1785714285713,6.964285714285714,145.0,-37.0,16.7775,18.481785714285714,1.704285714285714
259.0,2011.0,7.0,145.0,43.0,28.128888888888888,30.525555555555556,2.396666666666666
237.10714285714286,2009.1785714285713,6.964285714285714,147.0,-39.0,19.633928571428573,26.8475,7.213571428571428
237.10714285714286,2009.1785714285713,6.964285714285714,147.0,-19.0,21.455000000000002,29.47,8.014999999999999
237.10714285714286,2009.1785714285713,6.964285714285714,149.0,-35.0,18.9575,18.761071428571427,-0.19642857142857142
177.05172413793105,2004.1724137931035,6.982758620689655,151.0,-35.0,19.62603448275862,28.66,9.03396551724138
159.044776119403,2002.6716417910447,6.985074626865671,151.0,-33.0,16.976865671641793,19.010298507462686,2.0334328358208955
211.0,2007.0,7.0,151.0,-27.0,19.718666666666664,24.974,5.255333333333334
204.66666666666666,2006.4761904761904,6.9523809523809526,151.0,-23.0,20.950952380952383,27.43095238095238,6.4799999999999995
207.06976744186048,2006.6744186046512,6.976744186046512,153.0,-27.0,19.69279069767442,26.718139534883722,7.025348837209303
177.05172413793105,2004.1724137931035,6.982758620689655,153.0,25.0,15.169655172413794,19.15551724137931,3.9858620689655173
174.33333333333334,2003.9473684210527,6.964912280701754,167.0,-77.0,21.062105263157893,17.268070175438595,-3.7940350877192985
240.24,2009.44,6.96,169.0,-45.0,20.544,18.0148,-2.5291999999999994
159.79245283018867,2002.7358490566037,6.962264150943396,175.0,-41.0,21.11943396226415,26.127169811320755,5.007735849056604
163.0,2003.0,7.0,175.0,-37.0,21.623589743589744,29.208205128205126,7.584615384615385
