placename,loc,seq,circle,longitude,latitude,Sn_adj,Sv_adj,SnSv_pred_linear,HOP,ln_HOP,LER_etoo,ln_LER,FNR_NO2,FNR_NOx,FNR_NOy,ln_FNR_NO2,ln_FNR_NOx,ln_FNR_NOy,land_earth,land_global,SnSv_FNR,SnSv_HOP,SnSv_LER
Afghanistan,11115.882352941177,3016.8823529411766,66.6470588235294,66.6470588235294,34.529411764705884,7.154556721977531,8.201964405430685,0.8940444344345541,0.22087218259868133,-1.5918053670095664,0.002313859896095507,-6.906461330210773,0.5258323951177467,0.42284474742503,0.2464362688667922,-0.7611877005558186,-0.9774063726342921,-1.4602252690867423,1.0,1.0,0.865629606889275,0.7333864826200537,1.109861152133021
Algeria,8234.692307692309,4808.7692307692305,106.53846153846153,2.6923076923076925,28.076923076923077,9.214199148945472,6.975611339327259,1.3397198228842828,1.490213740738743,0.21317649762859667,0.007994601404064895,-6.0527337570504836,2.848989145991064,2.437016072114886,0.597947096065951,0.7057240575161869,0.547054752884536,-0.6616610168296908,1.0,1.0,1.5009490893102606,1.364769138870483,1.2920466162454267
Angola,8879.8,780.8,17.48,17.48,-12.6,12.253140863222372,10.66617261990629,1.1595914035805424,0.26218621457172575,-1.5433262537700556,0.007359696368849303,-5.0413866813801,1.9770770047335597,1.6179625892189309,1.1297421650401203,0.6281127453609983,0.42721197973886127,0.07883471724181743,1.0,1.0,1.4673356300158484,0.7503444764312346,1.5078680821934864
Argentina,5150.542857142857,13251.542857142857,294.85714285714283,-65.14285714285714,-35.05714285714286,11.823706553290807,8.570749318091032,1.406573812732469,1.2866528001885273,0.05883018189373538,0.008396829673150667,-5.279497212054756,1.8894416034958263,1.5161443226827473,0.9922063961348152,0.38825021411434096,0.14951136985803895,-0.20191395344022461,1.0,1.0,1.363451167732921,1.3107787976264287,1.4570552949475148
Armenia,10145.0,2046.0,45.0,45.0,41.0,7.389948579797281,9.463542732785363,0.7808860580505066,0.200719741066021,-1.6058456669506045,0.0004282842740199,-7.755723391224841,0.3571800743963392,0.2790679876383767,0.2077028453282681,-1.0295152143007171,-1.2762998435550494,-1.571646848972584,1.0,1.0,0.7494169606863594,0.7284751857006786,0.9286286283126188
Australia,14147.372881355932,6048.372881355932,134.68361581920905,134.68361581920905,-25.779661016949152,12.367914396395594,7.930619980181951,1.5860388377331027,1.7144770111547651,0.3375888979037263,0.03238210267112726,-4.309591374197686,3.3245611750551065,2.7469352727464735,1.4666240695933952,0.9319282285699793,0.7309403723426938,0.23659213401887436,1.0,1.0,1.598918115793658,1.4082885964867236,1.6640332007462137
Austria,8730.75,631.75,13.5,13.5,47.5,5.8045861516562525,10.776336122283055,0.541341525779663,0.15116291218570044,-1.898213619218983,0.000121588322782868,-9.179644364449821,0.20321772418006265,0.1572463198748132,0.12333586853440452,-1.623763525557172,-1.880979011535066,-2.1246451210819863,1.0,1.0,0.49204801708118884,0.6262048759971998,0.6247638926264081
Azerbaijan,10342.6,2243.6,49.4,49.4,40.2,8.880570788431795,9.226823183395656,0.9800810572258053,0.6805567199187961,-0.718502911167734,0.0010553175486521199,-7.5033886207800595,1.0270331380682465,0.8463010844956008,0.3249102021862957,-0.22544067855846453,-0.4386965379615739,-1.1685310425827669,1.0,1.0,1.097661642116329,1.0388676816735267,0.9824768683255352
Bangladesh,12161.5,4062.5,90.0,90.0,24.0,7.690039692851034,17.534163664637017,0.462411942264609,0.10037029364227831,-2.3416777389205876,0.00012148613469203207,-9.263420076920145,0.40251885089382466,0.2920107104707515,0.21477846555192767,-0.9384172660173226,-1.265547409945532,-1.5723857642801806,1.0,1.0,0.7888714820878977,0.47108112692557846,0.606886155585241
Belarus,9386.333333333334,1287.3333333333333,28.0,28.0,53.666666666666664,8.343351551133077,9.06127202210695,0.9228788037849078,0.5017572504562918,-0.7205061117126301,0.0004241395006322,-7.8720731799137775,0.4006926319496959,0.31689125538120305,0.20197902546416238,-0.9338899818891968,-1.171597319511301,-1.6093342625691207,1.0,1.0,0.7908322488437889,1.038166962122922,0.9037995834063997
Belgium,8305.0,206.0,4.0,4.0,51.0,-1.0756234582476671,12.151320735153355,-0.09144821797097542,0.052523050726249354,-2.995679090005636,3.5773979183521303e-06,-12.548490355466097,0.08031554096112464,0.0527747895719143,0.044311374917708,-2.5266865893096706,-2.9618029305229916,-3.1308598978613738,1.0,1.0,0.10099203816998181,0.24231145431602852,-0.09414784185646541
Belize,4103.0,12204.0,271.0,-89.0,17.0,9.135157433728903,9.693691272392611,0.9423817178648553,0.2701040134650792,-1.3089481591118861,0.000929354654881,-6.98102013217333,0.7090995389241982,0.575809797079053,0.4918310581066804,-0.3437593688991663,-0.5519778862231192,-0.7096199992894463,1.0,1.0,1.0464178173297711,0.8323299339426622,1.093950303794211
Benin,8195.0,96.0,2.0,2.0,11.0,13.818540203548906,12.242053844248781,1.1405687403613074,0.5780253224765846,-0.548877016843218,0.0016602044469191499,-6.511425659852209,1.0511245905703088,0.8785442228573164,0.5939454525502795,0.04389343933165075,-0.13507694784619315,-0.5291429246997923,1.0,1.0,1.214310248574538,1.0982028195082423,1.1941617641875384
Bhutan,12163.0,4064.0,90.0,90.0,27.0,9.544515068319601,12.261227504841116,0.8009517793364025,0.17018372753372055,-1.8223071254569376,0.0007813669882630501,-7.373387201393121,0.7448307254565842,0.576527065679726,0.36298415720849264,-0.3461739358080248,-0.6047008248481673,-1.05406683732824,1.0,1.0,1.0453720684015444,0.6527569675151632,1.0102191712227078
Bolivia,5185.0,13286.0,295.4166666666667,-64.58333333333333,-16.5,14.554174788973945,9.06659601194937,1.6040680846436184,1.3012577396267269,0.028974276142649805,0.025763929150522207,-3.8127301968550023,5.930623104276131,4.797846593888914,2.876645718471171,1.5784607178951682,1.3566271929529654,0.8405641865566266,1.0,1.0,1.8789313369203975,1.300335201794699,1.7700633759911424
Bosnia & Herzegovina,8887.0,788.0,17.0,17.0,45.0,6.987832698334712,10.7351668772791,0.6509291171918722,0.1994487250905353,-1.6121980927768202,0.0001598143824172,-8.741497526071328,0.2537503164109649,0.2030191235104424,0.1492987568947244,-1.3714045016871543,-1.5944550998923757,-1.9018059006958725,1.0,1.0,0.6013447103192935,0.7262531071466682,0.7182644279363786
Botswana,9149.214285714286,1050.2142857142858,23.571428571428573,23.571428571428573,-22.0,11.98968506947755,9.018087662983211,1.3501526205455014,0.5662638254130331,-0.6654498472028306,0.01102758304334405,-4.772291742969685,2.450042613063126,2.0174324949892433,1.2917929512457482,0.8071296777804563,0.6087641279281996,0.18881349957606802,1.0,1.0,1.5448678634467157,1.05742564344845,1.565292942050269
Brazil,5704.5625,13805.5625,306.89772727272725,-53.10227272727273,-10.670454545454545,14.481235268330154,10.140770454618561,1.5050339174233984,1.6045640628867621,0.051736807519156616,0.022316304357142623,-4.589741625728471,4.459613741155198,3.6425325342052024,2.4254962571104652,1.1846005284765015,0.9704253477401491,0.624731299400837,1.0,1.0,1.7083504888831729,1.308297535270201,1.6042491370695442
Brunei,13277.0,5178.0,115.0,115.0,5.0,17.013411414701448,10.785446504516482,1.5774415465856664,1.3091602561866411,0.2693859058564458,0.0132270651788182,-4.325490156240517,3.4057908595483664,2.819796955772476,1.9582053677387428,1.2254771768168682,1.0366648808586678,0.6720284250936841,1.0,1.0,1.7260541652793857,1.3844311898685848,1.6606404006582736
Bulgaria,9246.0,1147.0,25.0,25.0,43.0,5.777624854488173,10.422898232947228,0.5544927346494769,0.17822550482528676,-1.726306307916414,8.800597308930054e-05,-9.339768533879143,0.2301539001843956,0.1862736572537339,0.13968396497767263,-1.4692844003170287,-1.6807778517718948,-1.9690292493182893,1.0,1.0,0.5589529262226949,0.6863380534908384,0.5905933948701907
Burkina Faso,8006.6,12867.6,285.8,-2.2,12.2,11.130095179018955,9.052729071975785,1.2328823916523608,0.7568132975209767,-0.2811186523762322,0.0036741876111857598,-6.185531642202403,1.4697612318141198,1.224668588898987,0.8065147120965376,0.3257472937214548,0.14682628989190236,-0.274812614717039,1.0,1.0,1.336381152910762,1.191864695398794,1.263707547554007
Cambodia,12830.75,4731.75,105.0,105.0,12.5,11.761730175570547,10.722176880045026,1.0761389502763794,0.3030209582573397,-1.1993645108642885,0.002681059649062925,-6.139296457063159,1.3716302259773154,1.07470246628728,0.814143302595166,0.2787590396866282,0.03359539672299738,-0.23697267812038508,1.0,1.0,1.3160305400882786,0.8706622940996719,1.2735741360627217
Cameroon,8678.4,579.4,12.8,12.8,5.8,13.13506994530113,9.535959293792143,1.4012199026986618,0.987031132222761,-0.3766095028964952,0.013296050668208829,-4.79484490839147,3.2971025522109385,2.706242980692216,1.7109722178681437,0.9879977224870885,0.7999722114892647,0.4120217573013337,1.0,1.0,1.6232018136091582,1.1584619958868059,1.5604800965492602
Canada,3701.6981566820277,11802.698156682027,261.58986175115206,-98.41013824884793,61.30875576036866,12.123132777177315,7.517991595534986,1.6410281631255923,4.43788647664596,1.2502865054993468,0.01853397866499639,-5.07388667902845,2.0596419532258627,1.5941684697510827,0.552696418659108,0.5351835369244179,0.26706429028394024,-0.714548929668205,1.0,1.0,1.4270879898419655,1.7275502196236716,1.5009325826953286
Central African Republic,9033.846153846154,934.8461538461538,20.692307692307693,20.692307692307693,6.384615384615385,13.841416503875614,11.47350353246005,1.2114431561391827,0.26910968316751005,-1.3558416800286897,0.007197769041086146,-4.9713149172271365,3.574400577636931,2.9776952117675917,2.03286982767946,1.252484526298596,1.0691166719646419,0.6948412014004551,1.0,1.0,1.7377510483399219,0.8159265803259643,1.522821396663729
Chad,8944.923076923076,845.9230769230769,18.615384615384617,18.615384615384617,15.461538461538462,10.278585804097094,8.141488522519678,1.2916520565023513,1.1456119133910003,-0.04172042228762896,0.004092179618382242,-6.097775905613178,3.0832388279439638,2.6090211788722644,0.6613481685071757,0.8532860462555014,0.6808588212091984,-0.4662621814252267,1.0,1.0,1.5648581866332576,1.2756061962837875,1.2824346217421476
Chile,4893.380952380952,12994.380952380952,289.1904761904762,-70.80952380952381,-39.38095238095238,9.700054890606358,7.885894036427622,1.2706020023611773,1.4428128351135316,-0.11913155973515274,0.005481296295736344,-6.023864207922067,0.8382574529555075,0.6382494429023408,0.45665205608297493,-0.2673870617876114,-0.5556307378802968,-0.9051090126802273,1.0,1.0,1.0794946635397855,1.2485277804046435,1.2982073780294308
China,12791.221757322175,4692.221757322176,103.85355648535565,103.85355648535565,36.62343096234309,3.860368544877489,12.25868100039613,0.4814367139174251,0.18389223961853013,-2.1973503688516245,0.0012043258832070804,-9.237342444112937,0.3322428428357567,0.2523122190311149,0.14892929716932823,-1.4883924226803122,-1.848636977530055,-2.228565023532656,1.0,1.0,0.5506772417371568,0.5215668409757017,0.6124511224262992
Colombia,4796.136363636364,12897.136363636364,286.54545454545456,-73.45454545454545,4.181818181818182,13.675005177414706,10.089973142201776,1.4226766779592466,1.5844248749294658,0.0065935011858297135,0.011821240448359728,-5.151897857693374,3.538633348815914,2.9375216876901202,2.0846991296176514,0.9066601457449109,0.7105584785600136,0.4325702655348811,1.0,1.0,1.587974509122121,1.2925064067148033,1.484284997168234
Congo,8800.0,701.0,15.571428571428571,15.571428571428571,-0.42857142857142855,15.787989147509137,10.173749403298117,1.5778600116201396,1.646736255310948,0.28529727351115025,0.014935454949850813,-4.383016024021702,5.273860758120658,4.383425596335114,2.6213654354476086,1.5477608498003168,1.3655211840005297,0.8990218679642287,1.0,1.0,1.8656352240485172,1.3899969862742003,1.6483643804737684
"Congo, DRC",9153.020408163266,1054.0204081632653,23.448979591836736,23.448979591836736,-3.36734693877551,14.727474549089585,11.462294540757853,1.3393037512268688,0.9076897990898647,-0.7513441885071984,0.01042064261545522,-4.799492177950025,4.239560104127909,3.5297620457369017,2.210221717753095,1.2708827625576649,1.086260226885504,0.6764219794974413,1.0,1.0,1.7457193244637246,1.027379802860182,1.5594883692254644
Costa Rica,4369.0,12470.0,277.0,-83.0,9.0,14.154526488930658,9.45513335976275,1.4970202904981371,0.8183807604790952,-0.20042757332206193,0.0138265965166599,-4.281161257831692,2.840166206425351,2.287253196623021,1.5385944198283017,1.0438625738498961,0.8273516201601012,0.4308692852509272,1.0,1.0,1.64739688073439,1.2200904348519428,1.6701001875787167
Cote d'Ivory,7848.333333333333,15949.333333333334,354.3333333333333,-5.666666666666667,7.666666666666667,11.588457546396361,7.604736365484949,1.5331192786484145,0.9288543224089532,-0.15013926000808772,0.018786681117135686,-4.0652220877568075,2.938839283451255,2.35911738653027,1.526721877024939,1.0641863727525709,0.8462949000130168,0.4127354158576481,1.0,1.0,1.6561991180391384,1.237681286849171,1.7161816064726971
Croatia,8887.0,788.0,17.0,17.0,45.0,5.482043199820474,10.910593573352962,0.5066006938323973,0.15491911153905025,-1.9332187667038476,0.00011942458901257464,-9.407670968037891,0.22089448404486806,0.17055778003366845,0.12399340819109875,-1.582562608130879,-1.8665890376078758,-2.1525576035473577,1.0,1.0,0.5098921344185163,0.6139600754069942,0.5761030154207138
Cuba,4555.5,12656.5,281.0,-79.0,22.0,8.34792179238988,9.080131726460431,0.919659219833522,0.7017445268572452,-0.3621543319925489,0.00019762752681225,-8.533357087257762,1.14676672803625,0.9422298743249453,0.4868794571102656,0.13663529752230041,-0.05950601302997421,-0.7214993514068633,1.0,1.0,1.2544767473569083,1.1635184146690065,0.7626815975791934
Cyprus,9602.0,1503.0,33.0,33.0,35.0,7.5005637044943985,7.500511264023451,1.0000069915861869,0.7574741986837707,-0.2777658033222437,0.0003267097194369,-8.026438489457266,1.604522978486473,1.302240907913555,0.2887402022925905,0.4728265027406844,0.2640865557900752,-1.2422279491760506,1.0,1.0,1.4000811583369903,1.193037521997879,0.8708580263498191
Czech Republic,8889.0,790.0,17.0,17.0,49.0,3.18968898165665,11.211850408953458,0.2844926453094181,0.1065277377878258,-2.239349879031556,2.3053697271616823e-05,-10.677684399145338,0.1155502919656557,0.0873627367665594,0.0687388185657103,-2.1580494155175947,-2.4376864400201996,-2.6774411947068337,1.0,1.0,0.26064879813932984,0.5068754123147617,0.30508214922238475
Denmark,8532.0,433.0,9.0,9.0,55.0,-0.5865264592995773,9.355904448033593,-0.06269051405530893,0.0579136595514289,-2.8488020059674857,3.735659016130866e-06,-12.497586311535269,0.0595724764806431,0.041703827934054,0.0343792696537309,-2.820561615591203,-3.177162357410754,-3.3703015226000548,1.0,1.0,-0.026285235712550037,0.2936890583125735,-0.0832849188816267
Dominican Republic,4959.0,13060.0,290.0,-70.0,19.0,8.780914474908368,8.733399508333026,1.0117854120250778,0.4912196411932475,-0.7780369740250266,0.00082999545111215,-7.181839352546078,0.8990672811567922,0.711452587303095,0.4688672181486572,-0.18093965146477958,-0.4068979621858826,-0.7991694177739272,1.0,1.0,1.116935036950604,1.0180426664860458,1.051095482166667
Ecuador,4566.5,12667.5,281.5,-78.5,-1.0,14.69685116673313,11.931704245985216,1.237839347407805,0.63274838541864,-0.553301914203459,0.004176290318317625,-5.767118247087682,1.4820007576090495,1.194406951258803,0.9602335595590601,0.3328033769171951,0.11266731025492961,-0.09711374188944993,1.0,1.0,1.3394371425428373,1.09665499041163,1.3529969660714884
Egypt,9438.318181818182,1339.3181818181818,29.454545454545453,29.454545454545453,26.727272727272727,5.431078061716897,7.318571919952415,0.8777037099013808,0.973895282693837,-0.4771968888254182,0.0009442160508510545,-8.670320050469881,1.7143165788946975,1.4512407496972073,0.2861689456938548,-0.015774645685811793,-0.2068861681174144,-1.4460922896277337,1.0,1.0,1.188468000953475,1.1232765282888688,0.7334537012297273
Eritrea,9832.333333333334,1733.3333333333333,38.333333333333336,38.333333333333336,15.666666666666666,7.9371037047189645,7.80764134147303,1.0204991886640082,0.8221935392240942,-0.28440882378888993,0.0005146224633155,-7.84492894661048,1.5011298265859931,1.2888160696508741,0.37103206058588595,0.2366289274341898,0.08568506722779179,-0.9940601209232871,1.0,1.0,1.2977839884717477,1.1907137934386463,0.9095921627933234
Estonia,9299.0,1200.0,26.0,26.0,59.0,8.946822621251393,8.565027075200213,1.0450145211703772,0.6604118353221353,-0.4185350084424805,0.0006544202157230501,-7.345815234267032,0.48233238902568354,0.38435957136586263,0.2265039019699652,-0.7324601858542473,-0.9596935952962715,-1.4874797206297024,1.0,1.0,0.8780714935065255,1.1437964540468204,1.0161030290074151
Ethiopia,9882.217391304348,1783.2173913043478,39.52173913043478,39.52173913043478,8.478260869565217,9.233899973560185,7.8159095525501785,1.1898223274915138,0.6534395636489905,-0.6452629939000629,0.005139854261606866,-5.9879602058649555,1.2767460071666419,1.0646249342312508,0.6406066155260361,0.07435453616266412,-0.09916891946340675,-0.5240039863005144,1.0,1.0,1.2275029496120498,1.064487004733758,1.3058692920684183
Finland,9316.733333333334,1217.7333333333333,26.333333333333332,26.333333333333332,64.46666666666667,10.987239992712622,7.612913797669898,1.4577320307447066,1.9827062563843971,0.5294137519177915,0.0068504651418421604,-5.468292960282178,1.125378012815583,0.8880845536047244,0.38427155900121157,0.001569491067029564,-0.24046191666938913,-1.0001837762228243,1.0,1.0,1.1959797465811306,1.4753889304208434,1.416766282275783
France,8218.3125,4169.3125,92.125,2.125,46.375,5.9463043701964216,11.101517313774952,0.5453490403548581,0.19049302703898274,-1.7216178766151786,0.0001441999436865613,-9.403522768374264,0.22690590842458297,0.18194409185502652,0.1300673755100948,-1.5630308956968304,-1.7950246934021588,-2.114891812603648,1.0,1.0,0.5183513190737028,0.6879780667600105,0.576988241228932
French Guiana,5716.5,13817.5,307.0,-53.0,4.0,14.087874575960155,7.028422074926464,2.007530260099208,3.09968527777031,1.120426361485302,0.11819736644916626,-2.157159862722124,6.857879145251056,5.325689485199174,2.668925075923894,1.9011725704874993,1.6460601849153966,0.9677732878793532,1.0,1.0,2.018697840278136,1.6821251412475586,2.1233620852950987
French Southern & Antarctic Lands,11180.0,3081.0,69.0,69.0,-49.0,14.09210452035213,7.188888300403639,1.9602619948290045,8.079784798345736,2.089365238310214,0.0218818778968599,-3.8220964780153177,4.168053379342303,3.0834964131583584,1.538592623880298,1.4274491113129881,1.1260641522116197,0.4308681179848637,1.0,1.0,1.8135282101096553,2.0210599603609127,1.768064611591531
Gabon,8609.166666666666,510.1666666666667,11.333333333333334,11.333333333333334,-0.6666666666666666,15.139031492842987,8.252770894337884,1.8434926765368864,2.5405757042875785,0.8979679447067884,0.05567592509684167,-3.148973251370807,6.2739147304240985,5.136848581347924,2.664731257504215,1.80669327407741,1.6079163561437586,0.9528340076936846,1.0,1.0,1.9777788570029262,1.6043091870584347,1.9117091081574697
Georgia,10011.0,1912.0,42.0,42.0,43.0,10.216748178780502,8.582123979907866,1.1965291595686802,0.6082725859940501,-0.5520081298142034,0.0028356784553077003,-6.0303444596389,0.8985408686715508,0.7287075894647003,0.4308500691590338,-0.13857590597184435,-0.3525671474129826,-0.8476797248788669,1.0,1.0,1.1352827751235943,1.0971075561909918,1.2968244923130587
Germany,8602.0,503.0,10.6,10.6,51.0,2.1325651738752187,11.056691913447832,0.18841966307574495,0.09316971178759186,-2.453374173219643,2.4056556758383596e-05,-11.115225140422767,0.10373366569195781,0.07585203314298665,0.059662917705005494,-2.3207237071291353,-2.659496328669964,-2.8885332702060085,1.0,1.0,0.19019456244237154,0.432009714207769,0.21171095503378146
Ghana,8036.25,16137.25,358.5,-1.5,8.5,12.077240953111728,9.277325319601573,1.3089121905356635,0.7141920821900796,-0.36013881986541574,0.004702167929735825,-5.476416736860598,1.5198414762052492,1.2470511324283853,0.820305345206358,0.3985281787457425,0.2012466510884297,-0.2116113752950382,1.0,1.0,1.3679025542147811,1.1642234408110776,1.4150326683539483
Greece,9213.666666666666,1114.6666666666667,24.333333333333332,24.333333333333332,38.333333333333336,7.291874114256004,10.730486496860022,0.6816409954128356,0.29591858497380197,-1.390802594612501,0.00015352437314471143,-8.871120851604175,0.5589508398442021,0.45789934395715237,0.18825642013495955,-0.7690535712031444,-0.9838638045818592,-1.7109743496549996,1.0,1.0,0.8622228983119182,0.8036972524045471,0.6906028102676689
Greenland,6321.288461538462,14422.288461538461,319.65384615384613,-40.34615384615385,74.73076923076923,11.658572075990076,7.151167352583373,1.63105153398147,3.7188200465572256,1.2496399297350018,0.008380417199134672,-5.205838033004083,4.106466971093601,3.0441058881518774,0.2794338687695538,1.3125681310361617,1.0068660019981632,-1.2801644970888073,1.0,1.0,1.7637732575517617,1.7273240474213036,1.4727741637569285
Guatemala,4012.5,12113.5,269.0,-91.0,16.0,12.556112972281058,13.355675492972086,0.9771745985753487,0.2935224020134715,-1.298146642175193,0.00176839372605105,-6.748850796203779,1.0260456409694032,0.844581326535295,0.655657745834882,-0.08332559425196523,-0.288171171919952,-0.5634721606680838,1.0,1.0,1.1592116851294738,0.8361083045671175,1.1434952400901133
Guinea,7632.25,15733.25,349.5,-10.5,10.5,11.719624759026901,8.769512011920966,1.3346945603631908,0.4359925547324819,-0.8381027195903192,0.010365442325386824,-4.621601278516583,1.7808477525140005,1.4592840643521001,1.0323278599480747,0.5298626235061239,0.3346702641134354,-0.007820552577085525,1.0,1.0,1.4247835022405022,0.9970316686873064,1.597450287164561
Guinea-Bissau,7430.0,15531.0,345.0,-15.0,11.0,11.366652586720406,7.976580205852382,1.4250032336389902,0.637558878074633,-0.4501086484501414,0.0120994706336251,-4.414593576623651,1.4442527483286238,1.176910163893712,0.6322950715097051,0.3675920586226402,0.1628924990216459,-0.45839910849214277,1.0,1.0,1.3545041205894655,1.1327519947721405,1.6416257307485127
Guyana,5447.0,13548.0,301.0,-59.0,5.0,19.4352267649524,10.272639476617009,1.8860456787585305,2.903108884901247,0.9749230149461884,0.0597602802193191,-2.8990652068249436,5.528629877363098,4.323906113663793,2.627147210895733,1.6666257552012886,1.420495228867983,0.9474752183843798,1.0,1.0,1.917115614577678,1.6312280706281768,1.9650394848635568
Honduras,4192.0,12293.0,273.0,-87.0,15.0,9.408565177703416,8.879850858149082,1.1207214941025245,0.4816718598474879,-1.0178905341595252,0.009573037929283301,-6.014177492311386,1.4417964923379707,1.1522677220351396,0.8135387764779146,0.08762244473911303,-0.15509953535203802,-0.4245465657735175,1.0,1.0,1.2332492808165099,0.9341418911509981,1.30027452314075
Hungary,8978.0,879.0,19.0,19.0,47.0,5.6624153528352785,10.377204659768859,0.5472551034332204,0.20540180004164754,-1.5977662045995782,7.209885634508554e-05,-9.55516815538561,0.20107998744928576,0.1593078909186285,0.11542435932156353,-1.6110754990688863,-1.8452388662331405,-2.165899544299627,1.0,1.0,0.49754320135326546,0.7313013816310676,0.5446271156407105
Iceland,7277.0,15378.0,341.0,-19.0,65.0,11.464932558583026,7.365477725004899,1.557147457253888,2.0995697595817067,0.7177424237777431,0.0094562529303325,-4.921839188840929,0.8636724087173816,0.6897962493394376,0.32765125391335365,-0.16606256872767894,-0.39181516976980235,-1.1189662507245084,1.0,1.0,1.1233783014840424,1.5412662998374547,1.5333795171013456
India,11664.567164179105,3565.5671641791046,78.97014925373135,78.97014925373135,22.82089552238806,3.4318633923672954,13.062601000455269,0.314244107601595,0.11543211572358415,-2.4467579386158134,0.00028002682303438864,-10.249836334108513,0.32235285092298327,0.24488583127350833,0.163168635681131,-1.3166289227620094,-1.622191603770631,-1.9873944392919234,1.0,1.0,0.6250680135517738,0.43432407307218845,0.3963849263012431
Indonesia,13386.418604651162,5287.418604651163,117.51162790697674,117.51162790697674,-2.2093023255813953,14.051980324453401,11.331443637195628,1.464067800245701,1.6587292111806338,0.012853626682773121,0.035762705243711036,-4.839969087210067,4.042669081848621,3.2882887030998087,1.996467004288353,1.0362363991896815,0.8218706907188245,0.38276764015125275,1.0,1.0,1.644093984489051,1.294696198613634,1.5508505967893715
Iran,10551.139534883721,2452.139534883721,54.116279069767444,54.116279069767444,32.81395348837209,3.0982446538036847,9.812372570591192,0.349085320648885,0.1404093394321884,-2.1832350695491343,6.552676728494245e-05,-10.316502246710836,0.24092014084370908,0.19864230875258915,0.12790376529740938,-1.592111642781863,-1.8136744980578139,-2.2096554662711037,1.0,1.0,0.5057564475111752,0.5265043726717128,0.3821584205519075
Iraq,10069.1,1970.1,43.4,43.4,33.2,1.322630757680334,10.506960046250963,0.1446745363374241,0.1337211597507477,-2.167609753874521,1.4745213425978288e-05,-11.980378083437408,0.2681094087309791,0.21555217043282,0.14379490787227206,-1.4692050417094102,-1.7082628904188908,-2.081685542340441,1.0,1.0,0.5589872964356545,0.5319701080946925,0.027087316994456767
Ireland,7766.0,15867.0,352.0,-8.0,53.0,5.290329336733716,10.296022392775892,0.522907432793473,0.24043648744837198,-1.4475398879145112,5.691326387987551e-05,-9.949816369650016,0.1851750222575827,0.14790740279438996,0.10849495185055415,-1.6990454831707673,-1.9230202045561506,-2.232156010312332,1.0,1.0,0.4594434012387407,0.783850547207504,0.4604091867166864
Israel,9690.0,1591.0,35.0,35.0,31.0,1.5415295321639548,10.3839394453449,0.1484532474671758,0.0878895508030555,-2.431674357318001,9.986757894633004e-06,-11.514250553048486,0.1389948592698605,0.1089456428765282,0.069802053543986,-1.9733183302054265,-2.2169062103459742,-2.6620918492456362,1.0,1.0,0.3406558311880299,0.4396003098101632,0.1265589319794529
Italy,8664.454545454546,565.4545454545455,12.090909090909092,12.090909090909092,41.72727272727273,6.435847677033485,10.46417735436075,0.6429275970475458,0.272451937703636,-1.5152501220610526,0.00020507380952427667,-8.969426599132293,0.4240016881120179,0.34863541986116464,0.16399282578478472,-1.0773052368867786,-1.3026593976765868,-1.8826858816050012,1.0,1.0,0.7287191019043362,0.7601655073030438,0.6696243637451686
Japan,14320.666666666666,6221.666666666667,137.83333333333334,137.83333333333334,37.333333333333336,6.064871547240145,12.66924311959272,0.5146201820993697,0.16588032598787708,-2.039963901988054,0.0002163491410239013,-9.219491996751822,0.2938287864525612,0.22403834916677925,0.14354402851584763,-1.3419739900097216,-1.649467296516255,-2.0100316734174277,1.0,1.0,0.6140910649267897,0.5766206270845786,0.616260407893161
Jordan,9780.0,1681.0,37.0,37.0,31.0,2.315361503583801,8.927686078028193,0.2593462049793738,0.157368490854999,-1.8491651482037494,1.0120962112620736e-05,-11.500901828206791,0.202718622554379,0.1720100705320708,0.098476839317362,-1.5959363572509655,-1.7602022542775826,-2.3179338922862764,1.0,1.0,0.5040999636746069,0.6433620311583285,0.12940754986067082
Kazakhstan,11131.058823529413,3032.0588235294117,66.83529411764705,66.83529411764705,47.94117647058823,8.506181317361511,7.881791832753424,1.0931535815455442,0.8943501866644425,-0.36363413251592,0.003341633182987204,-7.068178029525037,0.7937396319634615,0.6621997743787331,0.29250892207013085,-0.5105350566413599,-0.7061665358552245,-1.3453749471581316,1.0,1.0,0.9741872669686271,1.1630007804459312,1.0753508084993568
Kenya,9802.333333333334,1703.3333333333333,37.833333333333336,37.833333333333336,0.6666666666666666,9.774299247433019,8.025554251484774,1.2406342348157529,0.8946711845360689,-0.3436166047925655,0.0046722526623461,-6.01569555982795,1.4378790546154707,1.1875906810441517,0.7629537119525281,0.1509016027806652,-0.030790189347833636,-0.39195718506951044,1.0,1.0,1.260655484164306,1.1700029116435606,1.2999505675327152
Kyrgyzstan,11450.0,3351.0,74.0,74.0,41.0,5.773546055504473,8.582905508708587,0.683722589132127,0.1301209197742273,-2.069935144520101,0.0004926459120683,-7.837690971586552,0.2704114690399701,0.2069179526104627,0.15081416412139956,-1.336780512683847,-1.6110831033966075,-1.9111212217202258,1.0,1.0,0.616340359956626,0.5661366864468688,0.9111367466634297
Laos,12779.8,4680.8,103.8,103.8,18.6,10.927246480639226,10.013534054184849,1.094041617585019,0.2743177179538244,-1.3051985509312085,0.00319318934397552,-5.856173378718838,1.4188695484445915,1.150935622605504,0.7882148160913822,0.3254753231174969,0.11546738917295404,-0.2594714743950098,1.0,1.0,1.336263362442188,0.8336415468842633,1.3339926009813998
Latvia,9253.0,1154.0,25.0,25.0,57.0,9.777431815125846,8.529056488953763,1.1489295978196081,0.8148972434579248,-0.22232758200818825,0.0011844654441871,-6.817613460528318,0.6068849327524871,0.48135395443461815,0.26767240255772323,-0.5162147481578067,-0.748468183194125,-1.3306427936732945,1.0,1.0,0.971727392572854,1.2124298118135357,1.1288212875232566
Lesotho,9390.0,1291.0,29.0,29.0,-29.0,9.472594181649086,9.736042332477549,0.9729409402884732,0.2602860622101798,-1.3459740135163223,0.0012838139299821,-6.657919998559625,0.6146493876592232,0.4881139676693232,0.3342853802616105,-0.48670327511231076,-0.7172063600892918,-1.095760218903607,1.0,1.0,0.9845088115488583,0.8193782900719905,1.1628998723073758
Liberia,7667.666666666667,15768.666666666666,350.3333333333333,-9.666666666666666,6.333333333333333,11.734132302778448,7.065430466561282,1.660962032621023,1.2170192856793836,0.1526401598369625,0.03578922751971336,-3.4842802643007627,3.430565958246799,2.726008037392282,1.5414259391410783,1.217233045242544,0.9879090402495337,0.4235410326049622,1.0,1.0,1.7224836318945458,1.3435935279109694,1.8401545915982171
Libya,8929.314285714287,830.3142857142857,18.142857142857142,18.142857142857142,26.771428571428572,8.795888109280936,6.759101592857417,1.3152584332228123,1.5428678364240735,0.3803324930991309,0.003148080879883243,-6.51233205886251,3.534566018258223,3.0161186153958774,0.5493821327192964,1.0307456350585074,0.8653225218486073,-0.6470011000123722,1.0,1.0,1.6417159345438397,1.423240306086076,1.19396833863874
Lithuania,9207.0,1108.0,24.0,24.0,55.0,8.245268728403083,9.195881957704284,0.8975606439267488,0.49797374567167313,-0.700498868036024,0.0003129464704402,-8.09916891653554,0.38663489854767763,0.30932190225197354,0.18752610623143046,-0.9546447148717256,-1.1776174942751365,-1.678165074908894,1.0,1.0,0.7818433739890557,1.0451654959609988,0.8553373532113158
Macedonia,9065.0,966.0,21.0,21.0,41.0,1.62136073020611,11.023980834688864,0.14707579362839762,0.056365685582746,-2.8758947172890386,1.8944658017575107e-05,-10.873988564985478,0.1220224708488954,0.0812883375761392,0.0692451801633415,-2.1035500639232483,-2.50975272196618,-2.670101736866283,1.0,1.0,0.2842524673148412,0.2842120278922944,0.2631908402320988
Madagascar,10198.285714285714,2099.285714285714,46.857142857142854,46.857142857142854,-19.571428571428573,11.581513767590735,8.339259056103966,1.4105008234052085,0.7973008446494152,-0.3997904427844016,0.017187960419632765,-4.640824090999126,2.1491640983882516,1.7195807067092592,1.2340471205321744,0.618363150842402,0.3952841619044426,0.13538327440260736,1.0,1.0,1.4631130806298445,1.1503533031140163,1.5933481389807864
Malawi,9667.0,1568.0,35.0,35.0,-15.0,11.083043679347151,9.863146022121446,1.1236824086847819,0.2724725577608708,-1.3002173754146684,0.0036023519510563,-5.626168327102645,1.3113394235632618,1.0709038429467823,0.866532372801066,0.27104907559142627,0.06850300493892059,-0.14325581010766453,1.0,1.0,1.3126913546386467,0.835383962079949,1.3830756789962952
Malaysia,12991.5,4892.5,108.66666666666667,108.66666666666667,4.0,15.627337617753085,12.947193001424695,1.366173586003744,1.4242976704891095,-0.16473970422103693,0.011661793286260843,-5.347585017128885,2.936257416049561,2.443537495492126,1.6519476570288856,0.8354421845592427,0.6248889925838946,0.2252033279098776,1.0,1.0,1.557130010132608,1.2325740514634813,1.442525357344696
Mali,7939.740740740741,13040.74074074074,289.5925925925926,-3.740740740740741,17.14814814814815,10.672243309616816,7.996157860228586,1.3509237113902925,1.3687565105193642,0.1822430234991122,0.008880577293008778,-5.933975592965807,2.9831503637644357,2.5292562535583887,0.691754422225398,0.7763549143228958,0.6076801939029118,-0.3998595347933802,1.0,1.0,1.5315393133932462,1.3539486096199895,1.3173896084610965
Mauritania,7633.625,15734.625,349.4166666666667,-10.583333333333334,20.75,10.578089076582737,7.176475929464054,1.4877910451110867,1.9815896496964527,0.6395059645669919,0.012364080541794734,-5.542473157462585,4.8625641836318545,4.118152939907905,0.7636572792335873,1.3633294833306346,1.189490711537251,-0.2944311520718051,1.0,1.0,1.7857579992304977,1.5138991864055338,1.4009362281974842
Mexico,3495.4418604651164,11596.441860465116,257.4186046511628,-102.5813953488372,24.209302325581394,8.203556166399546,9.485845521869837,0.9084099806163337,0.35303534414994453,-1.3680917024909243,0.0015797418277634597,-7.153657759998861,0.8023183881208503,0.6533221102054274,0.4269434074351423,-0.40419678704083883,-0.6256160427393448,-0.9716912921674076,1.0,1.0,1.0202423715326128,0.8116415224686747,1.0571094340162428
Moldova,9428.0,1329.0,29.0,29.0,47.0,5.9025775057962555,9.424232603169036,0.626319166168652,0.2757205589402633,-1.288367393764277,8.162854281757152e-05,-9.41333156772525,0.3066568002747069,0.2463102490774195,0.1715992966977199,-1.1820260711419837,-1.4011633625516162,-1.7625931904348098,1.0,1.0,0.6833645085884069,0.8395290856612558,0.5748950434474316
Mongolia,12776.625,4677.625,103.41666666666667,103.41666666666667,46.75,8.199030107496236,7.441570254130018,1.1036201643761747,0.7025845388112376,-0.41395293444117826,0.002008545877869673,-6.908779586843206,0.6172861549972757,0.5048729385290265,0.2632834356362684,-0.5509842721148777,-0.7505845143010198,-1.3893293365901342,1.0,1.0,0.9566687117470465,1.145399263532476,1.1093664361676596
Morocco,7850.666666666667,15951.666666666666,354.1111111111111,-5.888888888888889,32.333333333333336,5.542202129372305,8.256291648242756,0.6825976940479461,0.3095993083073914,-1.2855434764908453,0.00016066918474327735,-8.981521854668735,0.3479049861112324,0.2949483689926977,0.17811729501940635,-1.1043487300046653,-1.2737152218540748,-1.7693481152924642,1.0,1.0,0.7170065650349795,0.8405168919235023,0.6670432362136918
Mozambique,9670.666666666666,1571.6666666666667,35.111111111111114,35.111111111111114,-17.666666666666668,12.33350862331383,9.043457955984815,1.3794628749632212,0.48961857282666243,-0.8894993200727384,0.020656270524095535,-4.23358157095932,2.526475163589582,2.035152608706642,1.3782585609511055,0.8719298542121361,0.6592024744440327,0.3004019802437292,1.0,1.0,1.5729328198592762,0.9790531378385561,1.6802536927572809
Myanmar,12456.8,4357.8,96.6,96.6,20.6,10.477634637490366,8.375014759006241,1.2786286975039436,0.5600232408568014,-0.7582082408106091,0.01105313082054174,-5.188786830354943,2.10791120534923,1.7143345917744055,1.039176238910385,0.633232781911279,0.42847297754929187,-0.009516127217857476,1.0,1.0,1.4695531178457748,1.0249787573644489,1.4764128904022549
Namibia,8836.5625,737.5625,16.625,16.625,-22.125,12.498095382042125,7.799023733870265,1.6236097020446745,1.3918086534307628,0.11816115387833001,0.03444001012781442,-3.7278908454187665,3.2455097969437894,2.745398797593195,1.43418578347179,1.1151526054832197,0.9467563405335221,0.34871370789379674,1.0,1.0,1.6782725934347824,1.3315327716266399,1.7881680935876352
Nepal,11893.5,3794.5,84.0,84.0,28.0,7.994847828071311,12.680768102425297,0.6828987965939173,0.15562708313439444,-2.0150665695399335,0.0008458384776730958,-8.018313620987001,0.6613022578097917,0.5040266709980612,0.2764843919358484,-0.49386138403692204,-0.7835109079829955,-1.3246339107884737,1.0,1.0,0.981408634573609,0.5853297139749313,0.8725918732813738
Netherlands,8441.0,342.0,7.0,7.0,53.0,-1.26240266002555,10.110632175068483,-0.12485892456244946,0.0486155071069756,-3.0238127226944798,2.8991705030573814e-06,-12.751085895315699,0.0660593717220077,0.0429285664308006,0.0355564725785061,-2.7172013697821336,-3.1482177904828132,-3.3366330695866893,1.0,1.0,0.018480086747358015,0.23247030960147108,-0.13738173006037036
New Caledonia,15514.0,7415.0,165.0,165.0,-21.0,11.022299328870455,7.4565127669789995,1.4782110181159296,3.179595216842732,1.15675389838896,0.0016716608249634,-6.393937640780798,5.184204598978825,4.055661743880339,2.125723128024139,1.6456164256667631,1.400113866331996,0.7541120400297562,1.0,1.0,1.908016473956275,1.6948325136564582,1.2192337074573774
New Zealand,15873.777777777777,7774.777777777777,173.22222222222223,173.22222222222223,-41.44444444444444,10.514824863517067,8.521055925830755,1.249001924323359,0.9554523869460098,-0.10893461236168767,0.0029302592003757114,-6.211277084802229,0.7633748980438327,0.5886340682082624,0.46339420654069335,-0.31836904635706614,-0.5789115617138445,-0.804462201073754,1.0,1.0,1.0574143660227546,1.2520946725958817,1.2582134701032042
Nicaragua,4250.666666666667,12351.666666666666,274.3333333333333,-85.66666666666667,12.333333333333334,12.05747798783923,9.040734527053663,1.3661078992296083,0.762834772891952,-0.37396305035542965,0.009370487297108734,-5.014275122240509,1.8089232196103404,1.4200580928812572,1.0359389751510377,0.5219909714518994,0.28084644479347814,-0.03125566618861339,1.0,1.0,1.4213742897358177,1.1593877249856708,1.5136536889138752
Niger,8523.148148148148,424.14814814814815,9.222222222222221,9.222222222222221,17.296296296296298,9.128647105642436,7.7272597161271905,1.2044206869757674,1.2457363194197109,0.05064450047737586,0.0028968283599083186,-6.89146461233623,2.691087645261249,2.2927425950348246,0.5347833628219265,0.596907511062239,0.42844802193045495,-0.6652644747355259,1.0,1.0,1.4538206430410558,1.3079154462669862,1.1130614517274484
Nigeria,8461.842105263158,362.8421052631579,7.947368421052632,7.947368421052632,9.421052631578947,10.498124508376467,10.587172847498456,0.9952471551814241,0.3798114543331875,-0.9839627429343418,0.0012292132332380264,-7.0309231711579825,0.8567026223391201,0.709453454811866,0.5245851712829682,-0.20059642999362667,-0.3861746001913944,-0.7005705516245215,1.0,1.0,1.1084216861697602,0.9460098325215672,1.0833009952748864
North Korea,13864.666666666666,5765.666666666667,127.66666666666667,127.66666666666667,40.333333333333336,7.403903975456186,11.23011147129902,0.6987533369715301,0.27079869562188424,-1.4274899069877323,0.00029939439264379674,-8.629734063538885,0.32459202707568124,0.25327387653688943,0.16055153646830841,-1.2028633673345748,-1.4810944034685314,-1.8877713039395918,1.0,1.0,0.6743398756073957,0.7908640305356913,0.7421147508408017
Norway,8723.916666666666,624.9166666666666,13.166666666666666,13.166666666666666,63.833333333333336,9.228207825745251,7.695019329338998,1.2078371793944986,1.033311651666791,-0.14042985718848375,0.0023621558253103165,-6.446720959662261,0.5878248344917886,0.4619813339522533,0.25504855238979,-0.6341418340948766,-0.882382118932572,-1.4361105724694159,1.0,1.0,0.920653171653509,1.2410776359554685,1.2079697472080735
Oman,10623.142857142857,2524.1428571428573,55.857142857142854,55.857142857142854,20.142857142857142,6.101807663265257,6.930653425294273,1.0043490959187609,1.080076179925116,-0.3202558726476594,0.0018556142943551884,-7.948573452441644,2.5104875571774223,2.1219201810747603,0.4892276357632265,0.4903359669990723,0.3243049394227987,-0.9167624432478061,1.0,1.0,1.4076645073072982,1.1781744957478488,0.887474425248953
Pakistan,11243.21052631579,3144.2105263157896,69.52631578947368,69.52631578947368,30.05263157894737,4.2204614531171245,11.066290658558449,0.4416307659648155,0.17700860317425499,-1.936128908408379,0.00015103232695697164,-9.951964933922266,0.27826613352868873,0.22652501021844726,0.1368864201589577,-1.379971708812643,-1.5901582613903145,-2.0339374774769485,1.0,1.0,0.5976342529132443,0.612942107838749,0.4599506831009883
Panama,4549.0,12650.0,281.0,-79.0,9.0,17.677632956537757,11.899900666110454,1.4855277747722397,0.77474419710649,-0.2552223723629945,0.0137526914874956,-4.286520729479886,2.8545537196623543,2.231461904468823,1.2287783692244196,1.0489155155347631,0.802656933226843,0.20602048008610163,1.0,1.0,1.649585309778106,1.2009232141474246,1.6689564763289924
Papua New Guinea,14591.0,6492.0,144.33333333333334,144.33333333333334,-7.0,14.640044095689362,8.172753050738892,1.8001796388030253,2.3450505499973837,0.7728167783102674,0.06614987324088022,-3.3024371228491707,5.6966158615305815,4.5860921987958205,2.9725306216130942,1.621575589823406,1.4095878116820888,1.0409894239332427,1.0,1.0,1.897604387952517,1.5605313090529316,1.8789599179839869
Paraguay,5466.5,13567.5,301.75,-58.25,-23.5,15.871398539138008,9.466846374826636,1.6913675624218325,2.2266646808085686,0.6159213613270278,0.02541903579733096,-3.956338317781552,6.324427527827526,5.199949914198827,2.8795835988002896,1.7042784529553319,1.5033651391356162,0.9609848645714449,1.0,1.0,1.9334229979749542,1.5056492921921945,1.7394174029854166
Peru,4742.642857142857,12843.642857142857,285.5,-74.5,-8.714285714285714,12.555713802693935,7.524911617019233,1.6424500258964785,2.3954136970742645,0.47890633482716716,0.019922893186989553,-4.107502477634058,4.923981918815298,4.027148842574046,2.636583409199002,1.3307584137380488,1.1088415636671256,0.6760593284216944,1.0,1.0,1.771651468989949,1.457721435922543,1.707158971272892
Philippines,13622.8,5523.8,122.6,122.6,12.6,15.592458035615817,13.556563605581834,1.253976314284944,0.8233571525639629,-0.5766491655640011,0.01127189540866282,-5.62248950133958,2.3698691443280695,1.862387754772375,1.1610185613242157,0.5171816788475705,0.27320124451785277,-0.052684088365109495,1.0,1.0,1.4192913851088829,1.0884881218857125,1.3838607404141334
Poland,8980.5,881.5,19.0,19.0,52.0,3.4192307439800294,10.82398867690048,0.33282851330356084,0.15316195141315517,-2.0466030844349423,3.953809605317754e-05,-10.57041542076964,0.1374160977151495,0.1036877207945929,0.07547089228398436,-2.0512897747241507,-2.3599774219631695,-2.6468637822665118,1.0,1.0,0.3068863985669704,0.5742982410646572,0.3279733492077588
Portugal,7774.333333333333,15875.333333333334,352.3333333333333,-7.666666666666667,39.666666666666664,7.19024070667668,11.039693599528206,0.6516488695587611,0.1800332016842481,-1.7154154865470197,0.00018331887431986666,-8.614911830678246,0.30365072558471673,0.243530156732226,0.18186445440815593,-1.1918974227584174,-1.412534861166831,-1.7052088272282961,1.0,1.0,0.6790892262033295,0.6901476628058525,0.7452778153332622
Qatar,10407.0,2308.0,51.0,51.0,25.0,0.9911048714081292,17.50682158046079,0.056612496269128176,0.0685010677063259,-2.68090594688177,5.706087888483948e-06,-12.07397690247281,0.618138633357306,0.4454733404885124,0.2779565019880928,-0.4810425208608375,-0.8086178756384912,-1.2802906452025737,1.0,1.0,0.9869604842151714,0.3524190997807569,0.007113329012302216
Romania,9247.5,1148.5,25.0,25.0,46.0,6.023712115056931,10.206337136868177,0.5940212473101707,0.20742094196903618,-1.593264078985687,0.00011997712010786874,-9.207467578749347,0.231823789047348,0.18429391289802852,0.13804366744809013,-1.476368574295247,-1.7084661194415975,-1.9915935844597892,1.0,1.0,0.5558847704727286,0.7328762251708067,0.6188264186948893
Russia,12494.201094391245,4528.169630642955,99.92476060191518,96.96990424076607,62.11080711354309,11.82577327148876,7.549217082189635,1.5982286060973239,4.250325439982923,1.1052292369200556,0.013828404832199293,-5.202867787148684,1.9116937145280695,1.5062015758180218,0.5284462118700232,0.4269996437787836,0.1809965784901513,-0.7460190873485107,1.0,1.0,1.3802335457205912,1.6768091870746353,1.4734080142224706
Saudi Arabia,10112.022727272728,2013.0227272727273,44.45454545454545,44.45454545454545,24.136363636363637,4.001251583550871,7.907479555801654,0.6225404009353602,0.47575968177772177,-1.1705769452293333,0.0005656930094336389,-9.678603063813865,1.0070011627764346,0.8531735673394727,0.23310042133214948,-0.5218800054054192,-0.7039184353959765,-1.6615693869060855,1.0,1.0,0.969273769658913,0.8807321845587792,0.5182861061821211
Senegal,7449.6,15550.6,345.4,-14.6,14.2,9.490641347036625,8.830575682846884,1.0617623202249207,0.8089127934696702,-0.2213441807552762,0.00075924329252822,-7.598345269614832,1.134878551767054,0.9336779800673328,0.5117652219843037,0.12221594643302762,-0.07478263990542026,-0.6768899445278667,1.0,1.0,1.2482317264001443,1.2127738055718045,0.9622131194641947
Serbia & Montenegro,9036.333333333334,937.3333333333334,20.333333333333332,20.333333333333332,43.666666666666664,6.892333008254483,10.126383203705588,0.6938168923056621,0.246621816481036,-1.467368334356386,0.00027365853636640076,-8.608126042903715,0.28383148782746254,0.22755297416652578,0.15860582578979954,-1.306375609675273,-1.541355284912397,-1.880057916338048,1.0,1.0,0.6295087234496393,0.7769145566421363,0.7467259024443471
Sierra Leone,7564.0,15665.0,348.0,-12.0,9.0,12.170490549978815,8.5810302849121,1.417597776719314,0.525228962789293,-0.6616532814944746,0.0145703699009278,-4.228774925817586,2.1199097887879965,1.7017242361720015,1.0838533840304456,0.7479182301212975,0.5285385542397856,0.06730497810763747,1.0,1.0,1.519223385465534,1.0587536821332328,1.6812794308305272
Slovakia,9024.0,925.0,20.0,20.0,49.0,4.545754176383176,10.902463614596009,0.41770134723725977,0.13312610406329856,-2.0225022411090166,4.9232814840483545e-05,-9.948923758022984,0.14371844002680545,0.11035880534852505,0.08648851637766886,-1.9444476958007746,-2.209544425905546,-2.452418532933643,1.0,1.0,0.3531597029486846,0.582728716060066,0.46059967003789515
Solomon Is.,15250.5,7151.5,159.0,159.0,-8.0,15.922771127240933,7.282806853942945,2.1790295969798326,7.513436268221012,2.015403354560667,0.2385387593022086,-2.18708186118814,21.825258392087783,17.528231422462696,6.362950396337548,3.080409475468193,2.86170073783837,1.8489221260938677,1.0,1.0,2.5294253438252747,1.9951880934253214,2.1169767308224507
Somalia,10176.307692307691,2077.3076923076924,46.07692307692308,46.07692307692308,6.6923076923076925,11.128773379750303,7.295649684693819,1.5406413968439132,1.669241797698799,0.43376301900672665,0.015231595726283407,-4.804817621886769,3.0458799911860703,2.4551051445200835,1.0755674809239535,1.016711845319764,0.8080423123530334,-0.03182862313732896,1.0,1.0,1.63563790020799,1.441930304048553,1.5583519194893634
South Africa,9200.392857142857,1101.392857142857,24.785714285714285,24.785714285714285,-28.928571428571427,8.723103392289707,10.367055339751131,1.0602695715243093,0.7151893836287109,-0.9571506255406516,0.005385019402050027,-6.551253052363196,1.2689072018865004,1.0391936166120905,0.6449750432855575,-0.07792630994342263,-0.362235269049115,-0.7216040936963773,1.0,1.0,1.1615501151635037,0.9553887111858801,1.1856625986256937
South Korea,13862.666666666666,5763.666666666667,127.66666666666667,127.66666666666667,36.333333333333336,7.14186520734597,12.861637858539119,0.573291815121276,0.17489770394843154,-1.787254382414628,0.0001471713624587106,-9.100779567982086,0.26656928398339086,0.20527565189915878,0.1166258063257084,-1.3705833322028644,-1.6452575932960274,-2.1919222704975367,1.0,1.0,0.6017003588229395,0.6650184170313631,0.6415936401926228
Spain,7932.25,16033.25,355.8333333333333,-4.166666666666667,40.5,4.967146625320402,10.346346421681835,0.4795770651310538,0.13191289206733847,-2.0593279598443432,9.124275059167108e-05,-9.450365920062781,0.20256883813652451,0.16241028674506938,0.12321642809021251,-1.6230963817636692,-1.8453612561373076,-2.1125389852042487,1.0,1.0,0.49233695705815494,0.5698470796464488,0.5669919126586023
Sri Lanka,11748.0,3649.0,81.0,81.0,7.0,8.240381798332505,7.892568431432778,1.0440684638874378,0.3284416517287282,-1.1133960771421125,0.0015408922610325,-6.4753936400575,1.0192170828418197,0.7971532698078843,0.4901498591664744,0.019034766725340196,-0.2267083102643983,-0.7130440996018441,1.0,1.0,1.2035439574687448,0.900734052215689,1.2018509972117293
Sudan,9458.962264150943,1359.9622641509434,30.056603773584907,30.056603773584907,13.830188679245284,11.034705631669135,9.391670741691396,1.1864649765054263,0.9217612043693729,-0.290329617563788,0.0026677767641617943,-6.56285634871459,2.34615537700942,1.9812829020506113,0.6435740808990185,0.6229917684996017,0.45480547335079186,-0.5749724540450363,1.0,1.0,1.4651177349371776,1.188642699776187,1.1831864551843063
Suriname,5581.5,13682.5,304.0,-56.0,4.0,15.589441811898219,8.18221381043952,1.9086103913299428,2.855957657839607,0.9845907881308693,0.07454671098181892,-2.746590607950141,6.538702452807346,5.10155175890447,2.8495519574692336,1.7909918077261588,1.545472646733897,1.0036534155406325,1.0,1.0,1.9709785519261995,1.634609857688178,1.9975775642634397
Svalbard,8867.8,768.8,16.2,16.2,78.6,9.09185818903265,7.2900794197848695,1.2488274318468124,3.263426399392814,1.1440562986687,0.00037919820138442,-7.995002673011967,1.2531972956299757,0.9290310975168022,0.26193784490849015,0.19777290808943088,-0.09487590118619996,-1.3412212738447646,1.0,1.0,1.2809554464935324,1.6903908932743112,0.877566429579246
Swaziland,9481.0,1382.0,31.0,31.0,-27.0,8.424934763364316,9.46083045012515,0.890506896596257,0.1986400751549053,-1.6162607594350094,0.0009527393767068,-6.95616916840965,0.771414831909135,0.5536256706905711,0.4421018726212374,-0.25952900613185165,-0.591266505286682,-0.8162149424175906,1.0,1.0,1.082897987444295,0.7248319863496338,1.0992534994613805
Sweden,8876.894736842105,777.8947368421053,16.57894736842105,16.57894736842105,62.68421052631579,10.811280195467054,7.67695457718436,1.4240129645545132,1.7604925828529572,0.4118649425406486,0.006723869111014968,-5.555873709304163,0.9713367658717555,0.7761397991627638,0.3228126230092765,-0.1359832599485124,-0.36071822507032586,-1.169483953090588,1.0,1.0,1.1364056501162993,1.434270356900719,1.3980765504344914
Switzerland,8483.0,384.0,8.0,8.0,47.0,6.181184844797187,11.086134753449112,0.5579902734425006,0.14625140774445444,-1.9225189957138555,0.00012155508548665001,-9.021256653657918,0.21104027902295006,0.1626625376316802,0.12759564272053686,-1.5558365340171305,-1.8161045979781494,-2.0589147284083973,1.0,1.0,0.5214671971171808,0.6177028552992934,0.6585638301094001
Syria,9872.0,1773.0,39.0,39.0,35.0,4.210072455076903,10.408581472664592,0.4163761228932829,0.18072003318113974,-1.8511087638765893,6.063002652128599e-05,-10.29594971218783,0.3724686938830232,0.3104189154266489,0.19723039915799223,-1.227780166406679,-1.4170946091369336,-1.8023695755232059,1.0,1.0,0.6635484099292673,0.6426821543959691,0.3865443314191168
Tajikistan,11314.0,3215.0,71.0,71.0,39.0,8.160342429938423,8.199792965245821,1.0033977851333449,0.23443645822501202,-1.4525078033375822,0.0023621672375728335,-6.243232598437808,0.5484562092903074,0.42083097132609754,0.2597669222951157,-0.6123122007846095,-0.8740362266348328,-1.348165394132188,1.0,1.0,0.9301075858401857,0.7821127703925137,1.2513941634933716
Tanzania,9671.391304347826,1572.391304347826,35.0,35.0,-6.217391304347826,11.71177521495965,9.438115098980415,1.2585646383192641,0.476015259585291,-0.888141662176296,0.007941388426444491,-5.155066166282725,1.7695228416429325,1.4551096213519934,1.010967098803126,0.5040585113526935,0.31192888890681714,-0.032841280061018795,1.0,1.0,1.4136077412668515,0.9795280465707317,1.4836088801152663
Thailand,12652.272727272728,4553.272727272727,101.0,101.0,15.545454545454545,9.385938824578075,10.487554556088622,0.9388213823945493,0.34867614051576895,-1.3792912548835703,0.002810605648146561,-6.935397894904404,1.1206073262337157,0.8758976718689351,0.5954935861592495,-0.04100189634921643,-0.31718003943468137,-0.628327427161626,1.0,1.0,1.1775420786911543,0.8077239190417271,1.1036860892274
Timor Leste,13720.0,5621.0,125.0,125.0,-9.0,13.522359502307285,9.63613717471462,1.403296700444466,0.756954255059436,-0.2784524566183816,0.0074607816233328,-4.898095095009326,2.57949753683804,2.028688683907211,1.1581966271864546,0.9475946268031158,0.7073896158075248,0.1468641636886264,1.0,1.0,1.6057032328684295,1.1927973306748902,1.5384465067250097
Togo,8148.5,49.5,1.0,1.0,8.0,10.494249875585226,8.70961008146049,1.2047012296845199,0.5218189250941252,-0.6586237460258045,0.00305546621211215,-5.855688124742281,1.1601620175888594,0.9393256756198373,0.6416077269514566,0.14458181203643553,-0.06741132072764103,-0.45101147150744436,1.0,1.0,1.2579183827929803,1.0598134136401736,1.334096154179997
Tunisia,8558.0,459.0,9.8,9.8,35.0,7.416714982864701,9.735151559046416,0.8135715853157605,0.3858442520044999,-1.1599183877566426,0.0008090398830621785,-8.139546704507078,0.5001211909249668,0.41873971299997204,0.20073275088603165,-0.8509149476221953,-1.0371965985887144,-1.6726851095500694,1.0,1.0,0.8267687361848273,0.8844605479627264,0.8467207332581894
Turkey,9694.08695652174,1595.0869565217392,35.0,35.0,39.17391304347826,6.710705746755594,9.612676428877217,0.7119747212454862,0.21321033323210623,-1.6329739271478776,0.0004203254666618004,-8.246753590403896,0.3241505016549814,0.2605867951860558,0.17754207943841624,-1.2039752483410426,-1.4213673163442422,-1.7755722599730936,1.0,1.0,0.6738583199434944,0.7189857202836725,0.8238427838078084
Turkmenistan,10739.615384615385,2640.6153846153848,58.23076923076923,58.23076923076923,39.46153846153846,7.769292673616955,8.219787130432852,0.9637693717909512,0.5846911401754055,-0.7683195654246701,0.0011155960249961073,-7.512596848479496,0.5856311339234623,0.48942978454542474,0.24514540770749507,-0.6980324487521907,-0.8836375103740445,-1.44778854833914,1.0,1.0,0.8929821464454262,1.0214418160144505,0.9805118325344755
Uganda,9540.5,1441.5,32.0,32.0,2.0,10.797102972984613,11.968265272047281,0.8944993412146622,0.2496543621656035,-1.4034185452826151,0.000780788722055475,-7.250420577222368,0.8588036662757523,0.7159230234705485,0.560558479506477,-0.1894899023150306,-0.37252252975446676,-0.6221433862029194,1.0,1.0,1.1132319233073602,0.7992841928601413,1.0364602488207466
Ukraine,9541.5,1442.5,31.5,31.5,49.0,6.387683094141227,9.399637137320275,0.6847355201428471,0.34798583298972896,-1.1364539381895244,0.000156086690567178,-9.15323311015029,0.3153672470730048,0.253194765771075,0.15860077449202842,-1.2138729360692957,-1.4428716390208975,-1.8669259226202712,1.0,1.0,0.669571631388388,0.8926684124213043,0.6304000542939279
United Arab Emirates,10541.0,2442.0,54.0,54.0,23.0,2.8069193765848612,2.62385176450675,1.0561890708592778,0.7696947667055637,-0.27063416135280194,0.00045592993920595,-7.699205049864463,3.2636055861676265,2.8682649196306085,0.9401768823464733,1.1655254039681817,1.0343045310977854,-0.08075469092425057,1.0,1.0,1.7000890524586194,1.1955321703587898,0.9406896423589235
United Kingdom,7973.8,16074.8,356.6,-3.4,54.6,3.211525243468351,9.855879422824001,0.3550866409805661,0.1846888935236033,-1.8839409194488586,4.987010431345806e-05,-10.645109461760612,0.16666903672296088,0.13060750438456187,0.09252876299635553,-1.8910284126354568,-2.1669961032362357,-2.4633922608561916,1.0,1.0,0.37629559448758365,0.6311974663767893,0.3120336408602853
United States,3082.242537313433,11183.242537313432,248.0,-112.0,45.485074626865675,9.453767530449934,10.132550211806203,1.002106589502853,0.8833306068772816,-0.7822967183367162,0.002219500941580505,-7.192554106832266,0.6261356150758737,0.4941196928412478,0.31305198582359317,-0.6387927795951022,-0.8832854020442611,-1.272096376861936,1.0,1.0,0.9186388471573612,1.0165526079258167,1.0488089536019942
Uruguay,5548.333333333333,13649.333333333334,303.6666666666667,-56.333333333333336,-32.333333333333336,12.863882366929387,8.27322032721386,1.5546609138205056,1.283889207677918,0.24896201597778844,0.011925732463113167,-4.433064698925109,2.5824810634604662,2.034698013766032,1.308891266529627,0.9395784224958265,0.7007283445693249,0.26162990618486515,1.0,1.0,1.6022314147829424,1.3772869131890304,1.6376839932493816
Uzbekistan,10974.785714285714,2875.785714285714,63.42857142857143,63.42857142857143,42.0,8.76943130872762,8.71771105097304,1.073378153257328,0.8306143800551232,-0.6385889018049636,0.0032572789692312844,-6.845649090992228,0.8533561994998615,0.7005547840650095,0.3175442611117499,-0.4595836335271056,-0.6774393965940083,-1.2803731388082569,1.0,1.0,0.9962543283194106,1.0668216021486236,1.1228384839822585
Vanuatu,15607.0,7508.0,167.0,167.0,-15.0,13.640988745163046,7.0427113636322485,1.936894477261065,5.584658171258763,1.7200232258600285,0.0248822816235758,-3.693599310188172,20.377241840992312,16.638363659570498,5.522325813561635,3.014418682079937,2.8117110927913913,1.7087991145854806,1.0,1.0,2.5008447312088204,1.891864124405838,1.795485907205844
Venezuela,5133.1,13234.1,294.0,-66.0,7.2,13.182748019095465,9.813394387404596,1.4215353280080998,1.2758431953548968,-0.1081077642942155,0.02061810728418128,-4.9920073022938185,3.4068257082167905,2.7818391557762268,1.8917289444142575,0.8599299299968421,0.6550152978455055,0.3303995582266023,1.0,1.0,1.5677356526816324,1.2523839040498834,1.518405641690499
Vietnam,12889.125,4790.125,106.25,106.25,16.75,12.067439420066677,12.521816604454024,1.01870682954186,0.4154879902025823,-1.0772270805448596,0.0024832036049421,-6.731149692895265,1.200149032156057,0.9581011707606771,0.5732058787959925,0.024538355155807462,-0.21344959492865437,-0.6538292388531338,1.0,1.0,1.2059275616179803,0.9133859672254081,1.1472726555361503
Western Sahara,7563.4,15664.4,347.8,-12.2,25.8,8.070439897155728,6.94028150005081,1.164277018937051,1.406929839760481,0.3342390464497736,0.00052710157685912,-7.602404816024011,1.7595989578602516,1.4814913284369609,0.49959218289530033,0.5549462668539527,0.38265049023248776,-0.6991720543416555,1.0,1.0,1.435647228174447,1.4071168184481309,0.9613468122604758
Yemen,10211.0,2112.0,46.75,46.75,15.5,7.416769401434697,7.930004586802486,0.9656912815515258,0.8932775753051647,-0.47140015408229763,0.0014688753021720438,-8.016105342414551,1.9596472830969653,1.6812528627382544,0.37332034326168334,0.24453154417450718,0.07942693523978064,-1.0949277758640084,1.0,1.0,1.3012066117819792,1.1253042261020123,0.8730631199287346
Zambia,9352.8125,1253.8125,28.0,28.0,-13.375,12.276549399655645,10.284301746869936,1.194932451279035,0.23968287385760048,-1.5303962266731055,0.008827836666279862,-4.796885147546704,2.2277772788740284,1.817907976833631,1.2739846208448213,0.7769711380651237,0.5756461680680832,0.2306958611586389,1.0,1.0,1.531806199896005,0.7548673999097477,1.5600447095135332
Zimbabwe,9420.714285714286,1321.7142857142858,29.571428571428573,29.571428571428573,-19.0,11.116517585793499,9.100084141732653,1.2303335002370486,0.5044881068517194,-0.7386656902402413,0.004223823465800843,-5.575924004047386,1.554195198579947,1.2596425797609092,0.9352030259410464,0.40354950327467404,0.19576093137457154,-0.09073588192106427,1.0,1.0,1.3700772898682614,1.0318147415539636,1.3937978175362877
